IP_ADDRESS,TEST_DATE,TIME_ZONE,DOWNLOAD_MEGABITS,UPLOAD_MEGABITS,LATENCY_MS,SERVER_NAME,DISTANCE_MILES
"123.136.116.161","8/15/2018 5:07 PM","GMT","5.98","27.24","21","Kuala Lumpur","0"
"123.136.116.161","8/15/2018 5:07 PM","GMT","1.88","18.83","22","Kuala Lumpur","0"
"123.136.116.161","8/15/2018 5:08 PM","GMT","4.84","23.57","27","Kuala Lumpur","0"
"123.136.116.161","8/15/2018 5:08 PM","GMT","7.88","23.66","27","Kuala Lumpur","0"
"123.136.116.161","8/15/2018 5:09 PM","GMT","2.29","11.25","24","Kuala Lumpur","0"
"123.136.116.161","8/15/2018 5:10 PM","GMT","5.46","9.69","25","Kuala Lumpur","0"
"123.136.116.161","8/15/2018 5:10 PM","GMT","4.13","10.68","27","Kuala Lumpur","0"
"123.136.116.161","8/15/2018 5:11 PM","GMT","5.24","10.88","27","Kuala Lumpur","0"
"123.136.116.161","8/15/2018 5:12 PM","GMT","3.89","19.92","29","Kuala Lumpur","0"
"123.136.116.161","8/15/2018 5:12 PM","GMT","5.97","20.26","34","Kuala Lumpur","0"
"123.136.116.161","8/15/2018 5:13 PM","GMT","5.96","21.31","34","Kuala Lumpur","0"
"123.136.116.161","8/15/2018 5:13 PM","GMT","3.15","18.14","34","Kuala Lumpur","0"
"123.136.116.161","8/15/2018 5:14 PM","GMT","3.18","11.89","24","Kuala Lumpur","0"
"123.136.116.161","8/15/2018 5:15 PM","GMT","7.23","11.53","28","Kuala Lumpur","0"
"123.136.116.161","8/15/2018 5:15 PM","GMT","7.01","11.31","28","Kuala Lumpur","0"
"123.136.116.161","8/15/2018 5:16 PM","GMT","4.06","9.90","32","Kuala Lumpur","0"
"123.136.116.161","8/15/2018 5:17 PM","GMT","2.54","25.70","36","Kuala Lumpur","0"
"123.136.116.161","8/15/2018 5:17 PM","GMT","2.83","26.86","34","Kuala Lumpur","0"
"123.136.116.161","8/15/2018 5:18 PM","GMT","3.75","25.62","29","Kuala Lumpur","0"
"123.136.116.161","8/15/2018 5:18 PM","GMT","5.73","24.44","29","Kuala Lumpur","0"
"123.136.116.161","8/15/2018 5:19 PM","GMT","4.10","10.32","26","Kuala Lumpur","0"
"123.136.116.161","8/15/2018 5:20 PM","GMT","5.32","11.52","34","Kuala Lumpur","0"
"123.136.116.161","8/15/2018 5:20 PM","GMT","3.75","10.86","27","Kuala Lumpur","0"
"123.136.116.161","8/15/2018 5:21 PM","GMT","6.22","12.83","26","Kuala Lumpur","0"
"123.136.116.161","8/15/2018 5:21 PM","GMT","8.72","13.18","25","Kuala Lumpur","0"
"123.136.116.161","8/15/2018 5:22 PM","GMT","6.64","12.84","28","Kuala Lumpur","0"
"123.136.116.161","8/15/2018 5:23 PM","GMT","5.36","24.76","31","Kuala Lumpur","0"
"123.136.116.161","8/15/2018 5:23 PM","GMT","7.44","26.60","27","Kuala Lumpur","0"
"123.136.116.161","8/15/2018 5:24 PM","GMT","6.55","25.65","30","Kuala Lumpur","0"
"123.136.116.161","8/15/2018 5:25 PM","GMT","4.78","16.41","25","Kuala Lumpur","0"
"123.136.116.161","8/15/2018 5:25 PM","GMT","2.19","12.27","24","Kuala Lumpur","0"
"123.136.116.161","8/15/2018 5:26 PM","GMT","5.63","9.82","27","Kuala Lumpur","0"
"123.136.116.161","8/15/2018 5:26 PM","GMT","1.82","12.04","22","Kuala Lumpur","0"
"123.136.116.161","8/15/2018 5:27 PM","GMT","2.98","25.26","32","Kuala Lumpur","0"
"123.136.116.161","8/15/2018 5:28 PM","GMT","1.95","24.74","28","Kuala Lumpur","0"
"123.136.116.161","8/15/2018 5:28 PM","GMT","7.17","24.00","34","Kuala Lumpur","0"
"123.136.116.161","8/15/2018 5:29 PM","GMT","4.29","24.98","33","Kuala Lumpur","0"
"123.136.116.161","8/15/2018 5:30 PM","GMT","3.49","19.77","29","Kuala Lumpur","0"
"123.136.116.161","8/15/2018 5:30 PM","GMT","10.05","15.21","27","Kuala Lumpur","0"
"123.136.116.161","8/15/2018 5:31 PM","GMT","5.36","15.46","29","Kuala Lumpur","0"
"123.136.116.161","8/15/2018 5:31 PM","GMT","9.01","15.39","31","Kuala Lumpur","0"
"123.136.116.161","8/15/2018 5:32 PM","GMT","6.74","18.59","30","Kuala Lumpur","0"
"123.136.116.161","8/15/2018 5:33 PM","GMT","6.31","25.31","35","Kuala Lumpur","0"
"123.136.116.161","8/15/2018 5:33 PM","GMT","6.13","23.26","24","Kuala Lumpur","0"
"123.136.116.161","8/15/2018 5:34 PM","GMT","4.24","23.67","26","Kuala Lumpur","0"
"123.136.116.161","8/15/2018 5:34 PM","GMT","4.04","25.55","29","Kuala Lumpur","0"
"123.136.116.161","8/15/2018 5:35 PM","GMT","4.37","10.99","34","Kuala Lumpur","0"
"123.136.116.161","8/15/2018 5:36 PM","GMT","2.06","12.46","34","Kuala Lumpur","0"
"123.136.116.161","8/15/2018 5:36 PM","GMT","1.86","12.95","24","Kuala Lumpur","0"
"123.136.116.161","8/15/2018 5:37 PM","GMT","4.36","19.41","26","Kuala Lumpur","0"
"123.136.116.161","8/15/2018 5:38 PM","GMT","5.87","26.33","29","Kuala Lumpur","0"
"123.136.116.161","8/15/2018 5:38 PM","GMT","5.45","25.20","30","Kuala Lumpur","0"
"123.136.116.161","8/15/2018 5:39 PM","GMT","6.64","23.99","26","Kuala Lumpur","0"
"123.136.116.161","8/15/2018 5:39 PM","GMT","6.36","26.71","31","Kuala Lumpur","0"
"123.136.116.161","8/15/2018 5:40 PM","GMT","4.09","9.57","35","Kuala Lumpur","0"
"123.136.116.161","8/15/2018 5:41 PM","GMT","2.75","11.49","30","Kuala Lumpur","0"
"123.136.116.161","8/15/2018 5:41 PM","GMT","4.85","12.28","29","Kuala Lumpur","0"
"123.136.116.161","8/15/2018 5:42 PM","GMT","3.26","10.19","30","Kuala Lumpur","0"
"123.136.116.161","8/15/2018 5:42 PM","GMT","5.20","18.09","30","Kuala Lumpur","0"
"123.136.116.161","8/15/2018 5:43 PM","GMT","11.79","13.03","28","Kuala Lumpur","0"
"123.136.116.161","8/15/2018 5:44 PM","GMT","6.77","13.84","30","Kuala Lumpur","0"
"123.136.116.161","8/15/2018 5:44 PM","GMT","10.85","14.32","31","Kuala Lumpur","0"
"123.136.116.161","8/15/2018 5:45 PM","GMT","6.55","16.02","29","Kuala Lumpur","0"
"123.136.116.161","8/15/2018 5:46 PM","GMT","6.29","19.71","39","Kuala Lumpur","0"
"123.136.116.161","8/15/2018 5:46 PM","GMT","2.71","20.74","38","Kuala Lumpur","0"
"123.136.116.161","8/15/2018 5:47 PM","GMT","6.97","21.68","37","Kuala Lumpur","0"
"123.136.116.161","8/15/2018 5:47 PM","GMT","3.43","21.08","31","Kuala Lumpur","0"
"123.136.116.161","8/15/2018 5:48 PM","GMT","5.74","14.24","30","Kuala Lumpur","0"
"123.136.116.161","8/15/2018 5:49 PM","GMT","7.34","15.17","30","Kuala Lumpur","0"
"123.136.116.161","8/15/2018 5:49 PM","GMT","10.16","15.74","29","Kuala Lumpur","0"
"123.136.116.161","8/15/2018 5:50 PM","GMT","9.99","15.72","29","Kuala Lumpur","0"
"123.136.116.161","8/15/2018 5:51 PM","GMT","3.98","25.06","30","Kuala Lumpur","0"
"123.136.116.161","8/15/2018 5:51 PM","GMT","5.42","22.61","32","Kuala Lumpur","0"
"123.136.116.161","8/15/2018 5:52 PM","GMT","5.93","24.94","30","Kuala Lumpur","0"
"123.136.116.161","8/15/2018 5:52 PM","GMT","4.74","22.10","30","Kuala Lumpur","0"
"123.136.116.161","8/15/2018 5:53 PM","GMT","5.15","9.80","27","Kuala Lumpur","0"
"123.136.116.161","8/15/2018 5:54 PM","GMT","2.03","12.49","29","Kuala Lumpur","0"
"123.136.116.161","8/15/2018 5:54 PM","GMT","6.74","12.41","26","Kuala Lumpur","0"
"123.136.116.161","8/15/2018 5:55 PM","GMT","4.12","12.60","31","Kuala Lumpur","0"
"123.136.116.161","8/15/2018 5:55 PM","GMT","10.18","23.29","34","Kuala Lumpur","0"
"123.136.116.161","8/15/2018 5:56 PM","GMT","14.77","23.21","30","Kuala Lumpur","0"
"123.136.116.161","8/15/2018 5:57 PM","GMT","14.52","21.77","28","Kuala Lumpur","0"
"123.136.116.161","8/15/2018 5:57 PM","GMT","8.03","16.09","28","Kuala Lumpur","0"
"123.136.116.161","8/15/2018 5:58 PM","GMT","12.47","16.66","31","Kuala Lumpur","0"
"123.136.116.161","8/15/2018 5:59 PM","GMT","8.67","17.44","27","Kuala Lumpur","0"
"123.136.116.161","8/15/2018 5:59 PM","GMT","10.14","17.51","27","Kuala Lumpur","0"
"123.136.116.161","8/15/2018 6:00 PM","GMT","5.73","22.78","27","Kuala Lumpur","0"
"123.136.116.161","8/15/2018 6:00 PM","GMT","3.87","25.05","29","Kuala Lumpur","0"
"123.136.116.161","8/15/2018 6:01 PM","GMT","9.12","20.84","21","Kuala Lumpur","0"
"123.136.116.161","8/15/2018 6:02 PM","GMT","3.09","24.04","30","Kuala Lumpur","0"
"123.136.116.161","8/15/2018 6:02 PM","GMT","3.89","21.17","30","Kuala Lumpur","0"
"123.136.116.161","8/15/2018 6:03 PM","GMT","4.05","25.67","30","Kuala Lumpur","0"
"123.136.116.161","8/15/2018 6:03 PM","GMT","3.12","23.94","29","Kuala Lumpur","0"
"123.136.116.161","8/15/2018 6:04 PM","GMT","5.95","13.15","30","Kuala Lumpur","0"
"123.136.116.161","8/15/2018 6:05 PM","GMT","3.34","13.81","30","Kuala Lumpur","0"
"123.136.116.161","8/15/2018 6:05 PM","GMT","4.36","12.73","29","Kuala Lumpur","0"
"123.136.116.161","8/15/2018 6:06 PM","GMT","2.65","10.33","28","Kuala Lumpur","0"
"123.136.116.161","8/15/2018 6:07 PM","GMT","4.86","13.16","28","Kuala Lumpur","0"
"123.136.116.161","8/15/2018 6:07 PM","GMT","3.92","12.39","28","Kuala Lumpur","0"
"123.136.116.161","8/15/2018 6:08 PM","GMT","3.30","13.41","30","Kuala Lumpur","0"
"123.136.116.161","8/15/2018 6:08 PM","GMT","5.81","23.48","29","Kuala Lumpur","0"
"123.136.116.161","8/15/2018 6:09 PM","GMT","6.63","21.24","23","Kuala Lumpur","0"
"123.136.116.161","8/15/2018 6:10 PM","GMT","7.57","20.93","28","Kuala Lumpur","0"
"123.136.116.161","8/15/2018 6:10 PM","GMT","5.60","12.37","29","Kuala Lumpur","0"
"123.136.116.161","8/15/2018 6:11 PM","GMT","6.70","11.99","29","Kuala Lumpur","0"
"123.136.116.161","8/15/2018 6:11 PM","GMT","6.08","12.94","29","Kuala Lumpur","0"
"123.136.116.161","8/15/2018 6:12 PM","GMT","5.74","14.02","28","Kuala Lumpur","0"
"123.136.116.161","8/15/2018 6:13 PM","GMT","13.11","23.65","25","Kuala Lumpur","0"
"123.136.116.161","8/15/2018 6:13 PM","GMT","10.73","23.24","29","Kuala Lumpur","0"
"123.136.116.161","8/15/2018 6:14 PM","GMT","12.82","21.33","30","Kuala Lumpur","0"
"123.136.116.161","8/15/2018 6:15 PM","GMT","16.31","12.56","29","Kuala Lumpur","0"
"123.136.116.161","8/15/2018 6:15 PM","GMT","6.46","13.16","28","Kuala Lumpur","0"
"123.136.116.161","8/15/2018 6:16 PM","GMT","4.07","12.54","21","Kuala Lumpur","0"
"123.136.116.161","8/15/2018 6:16 PM","GMT","4.79","14.13","31","Kuala Lumpur","0"
"123.136.116.161","8/15/2018 6:17 PM","GMT","4.83","26.67","31","Kuala Lumpur","0"
"123.136.116.161","8/15/2018 6:18 PM","GMT","7.40","25.98","30","Kuala Lumpur","0"
"123.136.116.161","8/15/2018 6:18 PM","GMT","6.41","25.17","29","Kuala Lumpur","0"
"123.136.116.161","8/15/2018 6:19 PM","GMT","6.86","24.49","29","Kuala Lumpur","0"
"123.136.116.161","8/15/2018 6:20 PM","GMT","4.16","13.87","33","Kuala Lumpur","0"
"123.136.116.161","8/15/2018 6:20 PM","GMT","9.01","13.95","28","Kuala Lumpur","0"
"123.136.116.161","8/15/2018 6:21 PM","GMT","6.91","11.75","32","Kuala Lumpur","0"
"123.136.116.161","8/15/2018 6:21 PM","GMT","3.94","16.10","27","Kuala Lumpur","0"
"123.136.116.161","8/15/2018 6:22 PM","GMT","12.84","21.25","39","Kuala Lumpur","0"
"123.136.116.161","8/15/2018 6:23 PM","GMT","13.01","22.94","30","Kuala Lumpur","0"
"123.136.116.161","8/15/2018 6:23 PM","GMT","14.87","22.22","30","Kuala Lumpur","0"
"123.136.116.161","8/15/2018 6:24 PM","GMT","14.45","14.01","26","Kuala Lumpur","0"
"123.136.116.161","8/15/2018 6:25 PM","GMT","13.43","6.63","26","Kuala Lumpur","0"
"123.136.116.161","8/15/2018 6:25 PM","GMT","6.22","12.69","30","Kuala Lumpur","0"
"123.136.116.161","8/15/2018 6:26 PM","GMT","4.22","12.49","30","Kuala Lumpur","0"
"123.136.116.161","8/15/2018 6:27 PM","GMT","5.65","14.63","20","Kuala Lumpur","0"
"123.136.116.161","8/15/2018 6:27 PM","GMT","7.80","26.10","22","Kuala Lumpur","0"
"123.136.116.161","8/15/2018 6:28 PM","GMT","6.69","25.12","25","Kuala Lumpur","0"
"123.136.116.161","8/15/2018 6:28 PM","GMT","8.13","25.29","25","Kuala Lumpur","0"
"123.136.116.161","8/15/2018 6:29 PM","GMT","7.25","21.20","20","Kuala Lumpur","0"
"123.136.116.161","8/15/2018 6:30 PM","GMT","5.44","12.68","24","Kuala Lumpur","0"
"123.136.116.161","8/15/2018 6:30 PM","GMT","5.86","11.12","29","Kuala Lumpur","0"
"123.136.116.161","8/15/2018 6:31 PM","GMT","5.62","11.43","31","Kuala Lumpur","0"
"123.136.116.161","8/15/2018 6:31 PM","GMT","6.49","13.10","33","Kuala Lumpur","0"
"123.136.116.161","8/15/2018 6:32 PM","GMT","7.12","20.55","29","Kuala Lumpur","0"
"123.136.116.161","8/15/2018 6:33 PM","GMT","11.10","23.27","29","Kuala Lumpur","0"
"123.136.116.161","8/15/2018 6:33 PM","GMT","14.96","22.08","43","Kuala Lumpur","0"
"123.136.116.161","8/15/2018 6:34 PM","GMT","13.83","20.10","29","Kuala Lumpur","0"
"123.136.116.161","8/15/2018 6:35 PM","GMT","13.80","16.10","30","Kuala Lumpur","0"
"123.136.116.161","8/15/2018 6:35 PM","GMT","7.41","17.26","31","Kuala Lumpur","0"
"123.136.116.161","8/15/2018 6:36 PM","GMT","17.01","17.11","30","Kuala Lumpur","0"
"123.136.116.161","8/15/2018 6:36 PM","GMT","17.12","19.61","31","Kuala Lumpur","0"
"123.136.116.161","8/15/2018 6:37 PM","GMT","10.57","25.99","27","Kuala Lumpur","0"
"123.136.116.161","8/15/2018 6:38 PM","GMT","10.77","23.64","29","Kuala Lumpur","0"
"123.136.116.161","8/15/2018 6:38 PM","GMT","12.29","26.14","29","Kuala Lumpur","0"
"123.136.116.161","8/15/2018 6:39 PM","GMT","11.03","26.32","28","Kuala Lumpur","0"
"123.136.116.161","8/15/2018 6:40 PM","GMT","6.28","12.75","27","Kuala Lumpur","0"
"123.136.116.161","8/15/2018 6:40 PM","GMT","9.61","13.08","30","Kuala Lumpur","0"
"123.136.116.161","8/15/2018 6:41 PM","GMT","10.29","12.80","25","Kuala Lumpur","0"
"123.136.116.161","8/15/2018 6:41 PM","GMT","11.05","16.90","27","Kuala Lumpur","0"
"123.136.116.161","8/15/2018 6:42 PM","GMT","10.82","25.54","26","Kuala Lumpur","0"
"123.136.116.161","8/15/2018 6:43 PM","GMT","8.22","25.66","28","Kuala Lumpur","0"
"123.136.116.161","8/15/2018 6:43 PM","GMT","10.73","25.71","30","Kuala Lumpur","0"
"123.136.116.161","8/15/2018 6:44 PM","GMT","10.26","12.72","22","Kuala Lumpur","0"
"123.136.116.161","8/15/2018 6:44 PM","GMT","6.86","13.26","24","Kuala Lumpur","0"
"123.136.116.161","8/15/2018 6:45 PM","GMT","6.87","13.38","29","Kuala Lumpur","0"
"123.136.116.161","8/15/2018 6:46 PM","GMT","10.79","13.32","32","Kuala Lumpur","0"
"123.136.116.161","8/15/2018 6:46 PM","GMT","8.36","13.35","27","Kuala Lumpur","0"
"123.136.116.161","8/15/2018 6:47 PM","GMT","5.48","22.08","29","Kuala Lumpur","0"
"123.136.116.161","8/15/2018 6:48 PM","GMT","6.60","25.17","26","Kuala Lumpur","0"
"123.136.116.161","8/15/2018 6:48 PM","GMT","7.18","24.78","31","Kuala Lumpur","0"
"123.136.116.161","8/15/2018 6:49 PM","GMT","8.12","11.40","27","Kuala Lumpur","0"
"123.136.116.161","8/15/2018 6:49 PM","GMT","5.94","13.94","31","Kuala Lumpur","0"
"123.136.116.161","8/15/2018 6:50 PM","GMT","8.78","13.27","30","Kuala Lumpur","0"
"123.136.116.161","8/15/2018 6:51 PM","GMT","6.61","13.01","26","Kuala Lumpur","0"
"123.136.116.161","8/15/2018 6:51 PM","GMT","11.08","17.52","31","Kuala Lumpur","0"
"123.136.116.161","8/15/2018 6:52 PM","GMT","13.81","17.85","31","Kuala Lumpur","0"
"123.136.116.161","8/15/2018 6:53 PM","GMT","13.70","15.87","28","Kuala Lumpur","0"
"123.136.116.161","8/15/2018 6:53 PM","GMT","15.32","16.24","30","Kuala Lumpur","0"
"123.136.116.161","8/15/2018 6:54 PM","GMT","16.75","17.47","30","Kuala Lumpur","0"
"123.136.116.161","8/15/2018 6:54 PM","GMT","15.83","16.68","27","Kuala Lumpur","0"
"123.136.116.161","8/15/2018 6:55 PM","GMT","10.76","20.08","32","Kuala Lumpur","0"
"123.136.116.161","8/15/2018 6:56 PM","GMT","13.87","20.08","31","Kuala Lumpur","0"
"123.136.116.161","8/15/2018 6:56 PM","GMT","14.50","22.46","31","Kuala Lumpur","0"
"123.136.116.161","8/15/2018 6:57 PM","GMT","13.91","19.25","30","Kuala Lumpur","0"
"123.136.116.161","8/15/2018 6:57 PM","GMT","15.22","18.38","29","Kuala Lumpur","0"
"123.136.116.161","8/15/2018 6:58 PM","GMT","16.01","17.28","29","Kuala Lumpur","0"
"123.136.116.161","8/15/2018 6:59 PM","GMT","14.90","17.59","28","Kuala Lumpur","0"
"123.136.116.161","8/15/2018 6:59 PM","GMT","14.32","3.03","23","Kuala Lumpur","0"
"123.136.116.161","8/15/2018 7:00 PM","GMT","14.98","18.72","31","Kuala Lumpur","0"
"123.136.116.161","8/15/2018 7:01 PM","GMT","7.37","10.69","27","Kuala Lumpur","0"
"123.136.116.161","8/15/2018 7:01 PM","GMT","6.00","25.94","38","Kuala Lumpur","0"
"123.136.116.161","8/15/2018 7:02 PM","GMT","7.23","25.39","19","Kuala Lumpur","0"
"123.136.116.161","8/15/2018 7:03 PM","GMT","7.28","14.00","27","Kuala Lumpur","0"
"123.136.116.161","8/15/2018 7:03 PM","GMT","6.92","13.81","29","Kuala Lumpur","0"
"123.136.116.161","8/15/2018 7:04 PM","GMT","6.32","9.31","29","Kuala Lumpur","0"
"123.136.116.161","8/15/2018 7:04 PM","GMT","6.01","19.25","29","Kuala Lumpur","0"
"123.136.116.161","8/15/2018 7:05 PM","GMT","11.81","26.69","30","Kuala Lumpur","0"
"123.136.116.161","8/15/2018 7:06 PM","GMT","4.89","24.90","29","Kuala Lumpur","0"
"123.136.116.161","8/15/2018 7:06 PM","GMT","6.93","25.29","25","Kuala Lumpur","0"
"123.136.116.161","8/15/2018 7:07 PM","GMT","7.43","24.93","39","Kuala Lumpur","0"
"123.136.116.161","8/15/2018 7:07 PM","GMT","9.14","13.13","27","Kuala Lumpur","0"
"123.136.116.161","8/15/2018 7:08 PM","GMT","10.61","12.85","34","Kuala Lumpur","0"
"123.136.116.161","8/15/2018 7:09 PM","GMT","6.62","12.17","21","Kuala Lumpur","0"
"123.136.116.161","8/15/2018 7:09 PM","GMT","10.47","16.61","29","Kuala Lumpur","0"
"123.136.116.161","8/15/2018 7:10 PM","GMT","7.63","24.69","28","Kuala Lumpur","0"
"123.136.116.161","8/15/2018 7:11 PM","GMT","6.63","24.08","33","Kuala Lumpur","0"
"123.136.116.161","8/15/2018 7:11 PM","GMT","13.50","26.40","29","Kuala Lumpur","0"
"123.136.116.161","8/15/2018 7:12 PM","GMT","9.11","12.65","29","Kuala Lumpur","0"
"123.136.116.161","8/15/2018 7:12 PM","GMT","10.11","13.28","29","Kuala Lumpur","0"
"123.136.116.161","8/15/2018 7:13 PM","GMT","10.78","6.63","24","Kuala Lumpur","0"
"123.136.116.161","8/15/2018 7:14 PM","GMT","11.19","9.36","37","Kuala Lumpur","0"
"123.136.116.161","8/15/2018 7:14 PM","GMT","9.63","10.34","33","Kuala Lumpur","0"
"123.136.116.161","8/15/2018 7:15 PM","GMT","11.41","9.24","25","Kuala Lumpur","0"
"123.136.116.161","8/15/2018 7:16 PM","GMT","14.71","8.47","33","Kuala Lumpur","0"
"123.136.116.161","8/15/2018 7:16 PM","GMT","16.70","7.27","29","Kuala Lumpur","0"
"123.136.116.161","8/15/2018 7:17 PM","GMT","17.15","8.94","36","Kuala Lumpur","0"
"123.136.116.161","8/15/2018 7:17 PM","GMT","14.66","8.28","31","Kuala Lumpur","0"
"123.136.116.161","8/15/2018 7:18 PM","GMT","13.13","6.86","30","Kuala Lumpur","0"
"123.136.116.161","8/15/2018 7:19 PM","GMT","14.53","9.73","73","Kuala Lumpur","0"
"123.136.116.161","8/15/2018 7:19 PM","GMT","15.20","5.08","35","Kuala Lumpur","0"
"123.136.116.161","8/15/2018 9:37 PM","GMT","27.55","20.64","26","Kuala Lumpur","0"
"123.136.116.161","8/15/2018 10:01 PM","GMT","10.21","6.86","34","Kuala Lumpur","0"
"123.136.116.161","8/15/2018 10:03 PM","GMT","13.53","1.86","26","Kuala Lumpur","0"
"123.136.116.161","8/15/2018 10:04 PM","GMT","9.09","5.46","29","Kuala Lumpur","0"
"123.136.116.161","8/15/2018 10:05 PM","GMT","14.64","9.65","31","Kuala Lumpur","0"
"123.136.116.161","8/15/2018 10:06 PM","GMT","16.89","3.75","27","Kuala Lumpur","0"
"123.136.116.161","8/15/2018 10:06 PM","GMT","14.98","4.71","34","Kuala Lumpur","0"
"123.136.116.161","8/15/2018 10:07 PM","GMT","12.99","2.90","129","Kuala Lumpur","0"
"123.136.116.161","8/15/2018 10:07 PM","GMT","14.55","2.63","29","Kuala Lumpur","0"
"123.136.116.161","8/15/2018 10:08 PM","GMT","16.57","3.33","109","Kuala Lumpur","0"
"123.136.116.161","8/15/2018 10:09 PM","GMT","16.96","1.68","27","Kuala Lumpur","0"
"123.136.116.161","8/15/2018 10:09 PM","GMT","9.02","13.03","30","Kuala Lumpur","0"
"123.136.116.161","8/15/2018 10:10 PM","GMT","12.58","13.39","26","Kuala Lumpur","0"
"123.136.116.161","8/15/2018 10:11 PM","GMT","12.27","13.17","30","Kuala Lumpur","0"
"123.136.116.161","8/15/2018 10:11 PM","GMT","14.20","21.46","29","Kuala Lumpur","0"
"123.136.116.161","8/15/2018 10:12 PM","GMT","16.52","22.97","37","Kuala Lumpur","0"
"123.136.116.161","8/15/2018 10:12 PM","GMT","15.63","23.63","32","Kuala Lumpur","0"
"123.136.116.161","8/15/2018 10:13 PM","GMT","16.60","19.16","30","Kuala Lumpur","0"
"123.136.116.161","8/15/2018 10:14 PM","GMT","13.45","16.69","30","Kuala Lumpur","0"
"123.136.116.161","8/15/2018 10:14 PM","GMT","14.31","16.49","30","Kuala Lumpur","0"
"123.136.116.161","8/15/2018 10:15 PM","GMT","14.32","17.11","30","Kuala Lumpur","0"
"123.136.116.161","8/15/2018 10:15 PM","GMT","15.03","21.66","23","Kuala Lumpur","0"
"123.136.116.161","8/15/2018 10:16 PM","GMT","13.04","25.62","21","Kuala Lumpur","0"
"123.136.116.161","8/15/2018 10:17 PM","GMT","10.34","24.68","27","Kuala Lumpur","0"
"123.136.116.161","8/15/2018 10:17 PM","GMT","10.31","24.78","22","Kuala Lumpur","0"
"123.136.116.161","8/15/2018 10:18 PM","GMT","14.07","22.51","24","Kuala Lumpur","0"
"123.136.116.161","8/15/2018 10:19 PM","GMT","12.37","12.97","31","Kuala Lumpur","0"
"123.136.116.161","8/15/2018 10:19 PM","GMT","12.96","13.55","31","Kuala Lumpur","0"
"123.136.116.161","8/15/2018 10:20 PM","GMT","12.61","12.86","32","Kuala Lumpur","0"
"123.136.116.161","8/15/2018 10:20 PM","GMT","11.65","22.69","25","Kuala Lumpur","0"
"123.136.116.161","8/15/2018 10:21 PM","GMT","11.27","25.02","33","Kuala Lumpur","0"
"123.136.116.161","8/15/2018 10:22 PM","GMT","12.69","25.52","29","Kuala Lumpur","0"
"123.136.116.161","8/15/2018 10:22 PM","GMT","7.54","24.30","27","Kuala Lumpur","0"
"123.136.116.161","8/15/2018 10:23 PM","GMT","7.90","24.24","29","Kuala Lumpur","0"
"123.136.116.161","8/15/2018 10:24 PM","GMT","6.77","12.54","30","Kuala Lumpur","0"
"123.136.116.161","8/15/2018 10:24 PM","GMT","5.06","12.11","31","Kuala Lumpur","0"
"123.136.116.161","8/15/2018 10:25 PM","GMT","8.08","13.46","31","Kuala Lumpur","0"
"123.136.116.161","8/15/2018 10:25 PM","GMT","7.02","21.69","27","Kuala Lumpur","0"
"123.136.116.161","8/15/2018 10:26 PM","GMT","6.42","25.06","31","Kuala Lumpur","0"
"123.136.116.161","8/15/2018 10:27 PM","GMT","9.32","25.56","32","Kuala Lumpur","0"
"123.136.116.161","8/15/2018 10:27 PM","GMT","6.63","24.52","39","Kuala Lumpur","0"
"123.136.116.161","8/15/2018 10:28 PM","GMT","10.36","21.77","32","Kuala Lumpur","0"
"123.136.116.161","8/15/2018 10:29 PM","GMT","4.35","11.91","37","Kuala Lumpur","0"
"123.136.116.161","8/15/2018 10:29 PM","GMT","7.61","11.77","33","Kuala Lumpur","0"
"123.136.116.161","8/15/2018 10:30 PM","GMT","8.56","12.18","34","Kuala Lumpur","0"
"123.136.116.161","8/15/2018 10:30 PM","GMT","10.56","15.08","28","Kuala Lumpur","0"
"123.136.116.161","8/15/2018 10:31 PM","GMT","11.94","20.26","35","Kuala Lumpur","0"
"123.136.116.161","8/15/2018 10:32 PM","GMT","9.44","20.50","25","Kuala Lumpur","0"
"123.136.116.161","8/15/2018 10:32 PM","GMT","8.71","18.53","30","Kuala Lumpur","0"
"123.136.116.161","8/15/2018 10:33 PM","GMT","8.27","12.76","28","Kuala Lumpur","0"
"123.136.116.161","8/15/2018 10:33 PM","GMT","8.73","13.71","27","Kuala Lumpur","0"
"123.136.116.161","8/15/2018 10:34 PM","GMT","10.25","13.96","29","Kuala Lumpur","0"
"123.136.116.161","8/15/2018 10:35 PM","GMT","8.90","13.38","30","Kuala Lumpur","0"
"123.136.116.161","8/15/2018 10:35 PM","GMT","10.33","14.21","35","Kuala Lumpur","0"
"123.136.116.161","8/15/2018 10:36 PM","GMT","9.71","26.05","22","Kuala Lumpur","0"
"123.136.116.161","8/15/2018 10:37 PM","GMT","11.59","25.27","29","Kuala Lumpur","0"
"123.136.116.161","8/15/2018 10:37 PM","GMT","9.25","25.58","23","Kuala Lumpur","0"
"123.136.116.161","8/15/2018 10:38 PM","GMT","11.28","13.18","27","Kuala Lumpur","0"
"123.136.116.161","8/15/2018 10:38 PM","GMT","10.50","13.42","23","Kuala Lumpur","0"
"123.136.116.161","8/15/2018 10:39 PM","GMT","8.82","13.31","30","Kuala Lumpur","0"
"123.136.116.161","8/15/2018 10:40 PM","GMT","11.38","13.58","27","Kuala Lumpur","0"
"123.136.116.161","8/15/2018 10:40 PM","GMT","10.62","21.90","28","Kuala Lumpur","0"
"123.136.116.161","8/15/2018 10:41 PM","GMT","16.09","21.60","29","Kuala Lumpur","0"
"123.136.116.161","8/15/2018 10:41 PM","GMT","13.22","20.66","36","Kuala Lumpur","0"
"123.136.116.161","8/15/2018 10:42 PM","GMT","14.48","21.66","24","Kuala Lumpur","0"
"123.136.116.161","8/15/2018 10:43 PM","GMT","10.37","15.35","30","Kuala Lumpur","0"
"123.136.116.161","8/15/2018 10:43 PM","GMT","11.30","16.13","28","Kuala Lumpur","0"
"123.136.116.161","8/15/2018 10:44 PM","GMT","12.86","15.09","30","Kuala Lumpur","0"
"123.136.116.161","8/15/2018 10:45 PM","GMT","12.91","15.73","39","Kuala Lumpur","0"
"123.136.116.161","8/15/2018 10:45 PM","GMT","14.58","21.27","30","Kuala Lumpur","0"
"123.136.116.161","8/15/2018 10:46 PM","GMT","11.60","21.13","33","Kuala Lumpur","0"
"123.136.116.161","8/15/2018 10:46 PM","GMT","15.12","19.60","30","Kuala Lumpur","0"
"123.136.116.161","8/15/2018 10:47 PM","GMT","13.06","20.59","28","Kuala Lumpur","0"
"123.136.116.161","8/15/2018 10:48 PM","GMT","9.21","14.84","38","Kuala Lumpur","0"
"123.136.116.161","8/15/2018 10:48 PM","GMT","12.07","14.53","33","Kuala Lumpur","0"
"123.136.116.161","8/15/2018 10:49 PM","GMT","10.24","14.63","35","Kuala Lumpur","0"
"123.136.116.161","8/15/2018 10:49 PM","GMT","11.51","14.98","34","Kuala Lumpur","0"
"123.136.116.161","8/15/2018 10:50 PM","GMT","10.01","20.42","28","Kuala Lumpur","0"
"123.136.116.161","8/15/2018 10:51 PM","GMT","11.96","21.40","30","Kuala Lumpur","0"
"123.136.116.161","8/15/2018 10:51 PM","GMT","11.92","21.86","28","Kuala Lumpur","0"
"123.136.116.161","8/15/2018 10:52 PM","GMT","15.39","21.11","31","Kuala Lumpur","0"
"123.136.116.161","8/15/2018 10:53 PM","GMT","17.58","22.19","28","Kuala Lumpur","0"
"123.136.116.161","8/15/2018 10:53 PM","GMT","12.48","15.43","39","Kuala Lumpur","0"
"123.136.116.161","8/15/2018 10:54 PM","GMT","6.52","14.23","41","Kuala Lumpur","0"
"123.136.116.161","8/15/2018 10:54 PM","GMT","10.33","16.34","30","Kuala Lumpur","0"
"123.136.116.161","8/15/2018 10:55 PM","GMT","10.55","14.36","30","Kuala Lumpur","0"
"123.136.116.161","8/15/2018 10:56 PM","GMT","13.51","20.97","29","Kuala Lumpur","0"
"123.136.116.161","8/15/2018 10:56 PM","GMT","16.26","21.95","29","Kuala Lumpur","0"
"123.136.116.161","8/15/2018 10:57 PM","GMT","11.61","21.97","29","Kuala Lumpur","0"
"123.136.116.161","8/15/2018 10:58 PM","GMT","11.52","21.81","29","Kuala Lumpur","0"
"123.136.116.161","8/15/2018 10:58 PM","GMT","14.67","13.84","31","Kuala Lumpur","0"
"123.136.116.161","8/15/2018 10:59 PM","GMT","11.94","13.80","35","Kuala Lumpur","0"
"123.136.116.161","8/15/2018 10:59 PM","GMT","6.98","14.19","32","Kuala Lumpur","0"
"123.136.116.161","8/15/2018 11:00 PM","GMT","9.29","14.64","31","Kuala Lumpur","0"
"123.136.116.161","8/15/2018 11:01 PM","GMT","9.22","19.93","35","Kuala Lumpur","0"
"123.136.116.161","8/15/2018 11:01 PM","GMT","9.04","19.36","38","Kuala Lumpur","0"
"123.136.116.161","8/15/2018 11:02 PM","GMT","15.83","19.36","30","Kuala Lumpur","0"
"123.136.116.161","8/15/2018 11:03 PM","GMT","14.58","20.30","27","Kuala Lumpur","0"
"123.136.116.161","8/15/2018 11:03 PM","GMT","14.78","14.52","29","Kuala Lumpur","0"
"123.136.116.161","8/15/2018 11:04 PM","GMT","7.26","13.58","25","Kuala Lumpur","0"
"123.136.116.161","8/15/2018 11:04 PM","GMT","12.00","14.93","28","Kuala Lumpur","0"
"123.136.116.161","8/15/2018 11:05 PM","GMT","12.44","11.85","26","Kuala Lumpur","0"
"123.136.116.161","8/15/2018 11:06 PM","GMT","11.47","12.85","32","Kuala Lumpur","0"
"123.136.116.161","8/15/2018 11:06 PM","GMT","9.58","25.66","33","Kuala Lumpur","0"
"123.136.116.161","8/15/2018 11:07 PM","GMT","6.13","25.66","31","Kuala Lumpur","0"
"123.136.116.161","8/15/2018 11:07 PM","GMT","7.61","24.22","31","Kuala Lumpur","0"
"123.136.116.161","8/15/2018 11:08 PM","GMT","6.73","17.60","22","Kuala Lumpur","0"
"123.136.116.161","8/15/2018 11:09 PM","GMT","8.69","13.78","30","Kuala Lumpur","0"
"123.136.116.161","8/15/2018 11:09 PM","GMT","5.29","10.94","23","Kuala Lumpur","0"
"123.136.116.161","8/15/2018 11:10 PM","GMT","4.37","11.54","29","Kuala Lumpur","0"
"123.136.116.161","8/15/2018 11:11 PM","GMT","4.77","25.30","27","Kuala Lumpur","0"
"123.136.116.161","8/15/2018 11:11 PM","GMT","8.70","26.22","31","Kuala Lumpur","0"
"123.136.116.161","8/15/2018 11:12 PM","GMT","6.30","25.44","28","Kuala Lumpur","0"
"123.136.116.161","8/15/2018 11:12 PM","GMT","8.27","26.45","31","Kuala Lumpur","0"
"123.136.116.161","8/15/2018 11:13 PM","GMT","3.86","12.60","35","Kuala Lumpur","0"
"123.136.116.161","8/15/2018 11:14 PM","GMT","6.39","11.90","23","Kuala Lumpur","0"
"123.136.116.161","8/15/2018 11:14 PM","GMT","7.76","10.69","24","Kuala Lumpur","0"
"123.136.116.161","8/15/2018 11:15 PM","GMT","5.45","0.33","37","Kuala Lumpur","0"
"123.136.116.161","8/15/2018 11:15 PM","GMT","3.33","1.24","26","Kuala Lumpur","0"
"123.136.116.161","8/15/2018 11:16 PM","GMT","4.86","26.76","22","Kuala Lumpur","0"
"123.136.116.161","8/15/2018 11:17 PM","GMT","8.11","23.89","29","Kuala Lumpur","0"
"123.136.116.161","8/15/2018 11:17 PM","GMT","7.13","23.96","36","Kuala Lumpur","0"
"123.136.116.161","8/15/2018 11:18 PM","GMT","8.37","24.00","28","Kuala Lumpur","0"
"123.136.116.161","8/15/2018 11:19 PM","GMT","6.10","12.91","31","Kuala Lumpur","0"
"123.136.116.161","8/15/2018 11:19 PM","GMT","4.56","12.49","30","Kuala Lumpur","0"
"123.136.116.161","8/15/2018 11:20 PM","GMT","2.93","10.77","24","Kuala Lumpur","0"
"123.136.116.161","8/15/2018 11:20 PM","GMT","6.73","19.38","31","Kuala Lumpur","0"
"123.136.116.161","8/15/2018 11:21 PM","GMT","6.31","23.82","27","Kuala Lumpur","0"
"123.136.116.161","8/15/2018 11:22 PM","GMT","4.89","24.41","28","Kuala Lumpur","0"
"123.136.116.161","8/15/2018 11:22 PM","GMT","5.56","25.56","29","Kuala Lumpur","0"
"123.136.116.161","8/15/2018 11:23 PM","GMT","5.28","0.78","29","Kuala Lumpur","0"
"123.136.116.161","8/15/2018 11:23 PM","GMT","5.90","12.90","29","Kuala Lumpur","0"
"123.136.116.161","8/15/2018 11:24 PM","GMT","10.56","12.45","34","Kuala Lumpur","0"
"123.136.116.161","8/15/2018 11:25 PM","GMT","9.00","13.52","26","Kuala Lumpur","0"
"123.136.116.161","8/15/2018 11:25 PM","GMT","8.23","24.27","28","Kuala Lumpur","0"
"123.136.116.161","8/15/2018 11:26 PM","GMT","7.16","23.43","26","Kuala Lumpur","0"
"123.136.116.161","8/15/2018 11:27 PM","GMT","6.25","23.64","19","Kuala Lumpur","0"
"123.136.116.161","8/15/2018 11:27 PM","GMT","6.86","15.03","24","Kuala Lumpur","0"
"123.136.116.161","8/15/2018 11:28 PM","GMT","3.53","12.91","41","Kuala Lumpur","0"
"123.136.116.161","8/15/2018 11:28 PM","GMT","6.42","11.51","27","Kuala Lumpur","0"
"123.136.116.161","8/15/2018 11:29 PM","GMT","6.02","9.96","27","Kuala Lumpur","0"
"123.136.116.161","8/15/2018 11:30 PM","GMT","7.65","21.15","23","Kuala Lumpur","0"
"123.136.116.161","8/15/2018 11:30 PM","GMT","15.30","20.60","30","Kuala Lumpur","0"
"123.136.116.161","8/15/2018 11:31 PM","GMT","16.93","18.39","35","Kuala Lumpur","0"
"123.136.116.161","8/15/2018 11:32 PM","GMT","14.27","18.08","34","Kuala Lumpur","0"
"123.136.116.161","8/15/2018 11:32 PM","GMT","11.84","14.84","32","Kuala Lumpur","0"
"123.136.116.161","8/15/2018 11:33 PM","GMT","11.55","14.99","37","Kuala Lumpur","0"
"123.136.116.161","8/15/2018 11:33 PM","GMT","11.54","12.98","29","Kuala Lumpur","0"
"123.136.116.161","8/15/2018 11:34 PM","GMT","7.75","14.64","28","Kuala Lumpur","0"
"123.136.116.161","8/15/2018 11:35 PM","GMT","7.44","23.20","27","Kuala Lumpur","0"
"123.136.116.161","8/15/2018 11:35 PM","GMT","8.45","24.65","24","Kuala Lumpur","0"
"123.136.116.161","8/15/2018 11:36 PM","GMT","7.49","23.94","30","Kuala Lumpur","0"
"123.136.116.161","8/15/2018 11:37 PM","GMT","6.20","17.34","27","Kuala Lumpur","0"
"123.136.116.161","8/15/2018 11:37 PM","GMT","5.11","11.48","33","Kuala Lumpur","0"
"123.136.116.161","8/15/2018 11:38 PM","GMT","8.47","9.67","29","Kuala Lumpur","0"
"123.136.116.161","8/15/2018 11:38 PM","GMT","6.94","12.15","26","Kuala Lumpur","0"
"123.136.116.161","8/15/2018 11:39 PM","GMT","3.18","12.47","30","Kuala Lumpur","0"
"123.136.116.161","8/15/2018 11:40 PM","GMT","6.45","25.21","29","Kuala Lumpur","0"
"123.136.116.161","8/15/2018 11:40 PM","GMT","4.73","25.29","31","Kuala Lumpur","0"
"123.136.116.161","8/15/2018 11:41 PM","GMT","12.06","25.29","26","Kuala Lumpur","0"
"123.136.116.161","8/15/2018 11:41 PM","GMT","9.99","25.56","32","Kuala Lumpur","0"
"123.136.116.161","8/15/2018 11:42 PM","GMT","6.24","12.14","74","Kuala Lumpur","0"
"123.136.116.161","8/15/2018 11:43 PM","GMT","6.39","12.20","25","Kuala Lumpur","0"
"123.136.116.161","8/15/2018 11:43 PM","GMT","4.22","9.67","30","Kuala Lumpur","0"
"123.136.116.161","8/15/2018 11:44 PM","GMT","5.88","23.45","29","Kuala Lumpur","0"
"123.136.116.161","8/15/2018 11:45 PM","GMT","17.22","10.01","26","Kuala Lumpur","0"
"123.136.116.161","8/15/2018 11:45 PM","GMT","7.37","12.12","26","Kuala Lumpur","0"
"123.136.116.161","8/15/2018 11:46 PM","GMT","8.83","12.42","25","Kuala Lumpur","0"
"123.136.116.161","8/15/2018 11:47 PM","GMT","7.43","13.03","27","Kuala Lumpur","0"
"123.136.116.161","8/15/2018 11:47 PM","GMT","8.55","21.55","30","Kuala Lumpur","0"
"123.136.116.161","8/15/2018 11:48 PM","GMT","11.23","12.75","29","Kuala Lumpur","0"
"123.136.116.161","8/15/2018 11:48 PM","GMT","7.24","21.47","28","Kuala Lumpur","0"
"123.136.116.161","8/15/2018 11:49 PM","GMT","14.14","17.80","30","Kuala Lumpur","0"
"123.136.116.161","8/15/2018 11:50 PM","GMT","7.62","15.84","31","Kuala Lumpur","0"
"123.136.116.161","8/15/2018 11:50 PM","GMT","6.94","13.57","30","Kuala Lumpur","0"
"123.136.116.161","8/15/2018 11:51 PM","GMT","9.70","14.61","30","Kuala Lumpur","0"
"123.136.116.161","8/15/2018 11:51 PM","GMT","10.59","18.64","29","Kuala Lumpur","0"
"123.136.116.161","8/15/2018 11:52 PM","GMT","4.42","23.77","30","Kuala Lumpur","0"
"123.136.116.161","8/15/2018 11:53 PM","GMT","5.63","24.01","30","Kuala Lumpur","0"
"123.136.116.161","8/15/2018 11:53 PM","GMT","7.10","7.35","29","Kuala Lumpur","0"
"123.136.116.161","8/15/2018 11:54 PM","GMT","7.16","17.46","30","Kuala Lumpur","0"
"123.136.116.161","8/15/2018 11:55 PM","GMT","4.82","11.42","29","Kuala Lumpur","0"
"123.136.116.161","8/15/2018 11:55 PM","GMT","3.20","11.10","29","Kuala Lumpur","0"
"123.136.116.161","8/15/2018 11:56 PM","GMT","5.72","11.06","27","Kuala Lumpur","0"
"123.136.116.161","8/15/2018 11:56 PM","GMT","3.09","18.13","24","Kuala Lumpur","0"
"123.136.116.161","8/15/2018 11:57 PM","GMT","12.37","22.50","29","Kuala Lumpur","0"
"123.136.116.161","8/15/2018 11:58 PM","GMT","13.64","21.27","32","Kuala Lumpur","0"
"123.136.116.161","8/15/2018 11:58 PM","GMT","10.88","21.33","30","Kuala Lumpur","0"
"123.136.116.161","8/15/2018 11:59 PM","GMT","15.76","19.35","29","Kuala Lumpur","0"
"123.136.116.161","8/16/2018 12:00 AM","GMT","5.92","10.43","30","Kuala Lumpur","0"
"123.136.116.161","8/16/2018 12:00 AM","GMT","6.27","11.59","30","Kuala Lumpur","0"
"123.136.116.161","8/16/2018 12:01 AM","GMT","6.25","8.75","22","Kuala Lumpur","0"
"123.136.116.161","8/16/2018 12:02 AM","GMT","7.72","21.97","25","Kuala Lumpur","0"
"123.136.116.161","8/16/2018 12:02 AM","GMT","14.02","19.54","30","Kuala Lumpur","0"
"123.136.116.161","8/16/2018 12:03 AM","GMT","14.87","22.47","31","Kuala Lumpur","0"
"123.136.116.161","8/16/2018 12:04 AM","GMT","9.67","19.08","32","Kuala Lumpur","0"
"123.136.116.161","8/16/2018 12:04 AM","GMT","9.54","14.77","30","Kuala Lumpur","0"
"123.136.116.161","8/16/2018 12:05 AM","GMT","12.12","15.16","29","Kuala Lumpur","0"
"123.136.116.161","8/16/2018 12:05 AM","GMT","11.52","16.05","29","Kuala Lumpur","0"
"123.136.116.161","8/16/2018 12:06 AM","GMT","12.34","19.09","28","Kuala Lumpur","0"
"123.136.116.161","8/16/2018 12:07 AM","GMT","13.15","21.88","36","Kuala Lumpur","0"
"123.136.116.161","8/16/2018 12:07 AM","GMT","15.24","21.83","30","Kuala Lumpur","0"
"123.136.116.161","8/16/2018 12:08 AM","GMT","15.95","22.08","31","Kuala Lumpur","0"
"123.136.116.161","8/16/2018 12:08 AM","GMT","10.16","19.46","30","Kuala Lumpur","0"
"123.136.116.161","8/16/2018 12:09 AM","GMT","9.76","15.17","30","Kuala Lumpur","0"
"123.136.116.161","8/16/2018 12:10 AM","GMT","10.89","16.25","31","Kuala Lumpur","0"
"123.136.116.161","8/16/2018 12:10 AM","GMT","8.88","15.71","31","Kuala Lumpur","0"
"123.136.116.161","8/16/2018 12:11 AM","GMT","11.36","18.54","29","Kuala Lumpur","0"
"123.136.116.161","8/16/2018 12:12 AM","GMT","7.43","23.92","30","Kuala Lumpur","0"
"123.136.116.161","8/16/2018 12:12 AM","GMT","5.71","24.33","30","Kuala Lumpur","0"
"123.136.116.161","8/16/2018 12:13 AM","GMT","4.37","22.40","33","Kuala Lumpur","0"
"123.136.116.161","8/16/2018 12:13 AM","GMT","6.23","12.10","27","Kuala Lumpur","0"
"123.136.116.161","8/16/2018 12:14 AM","GMT","5.15","10.67","34","Kuala Lumpur","0"
"123.136.116.161","8/16/2018 12:15 AM","GMT","6.41","12.33","28","Kuala Lumpur","0"
"123.136.116.161","8/16/2018 12:15 AM","GMT","6.09","11.75","30","Kuala Lumpur","0"
"123.136.116.161","8/16/2018 12:16 AM","GMT","7.66","21.97","41","Kuala Lumpur","0"
"123.136.116.161","8/16/2018 12:16 AM","GMT","13.17","21.80","27","Kuala Lumpur","0"
"123.136.116.161","8/16/2018 12:17 AM","GMT","11.78","21.45","30","Kuala Lumpur","0"
"123.136.116.161","8/16/2018 12:18 AM","GMT","12.47","16.31","30","Kuala Lumpur","0"
"123.136.116.161","8/16/2018 12:18 AM","GMT","8.82","16.81","31","Kuala Lumpur","0"
"123.136.116.161","8/16/2018 12:19 AM","GMT","13.35","15.22","34","Kuala Lumpur","0"
"123.136.116.161","8/16/2018 12:20 AM","GMT","12.03","16.17","32","Kuala Lumpur","0"
"123.136.116.161","8/16/2018 12:20 AM","GMT","9.72","24.37","26","Kuala Lumpur","0"
"123.136.116.161","8/16/2018 12:21 AM","GMT","4.74","25.29","24","Kuala Lumpur","0"
"123.136.116.161","8/16/2018 12:21 AM","GMT","5.08","22.29","20","Kuala Lumpur","0"
"123.136.116.97","8/16/2018 4:08 AM","GMT","9.54","10.25","29","Kuala Lumpur","150"
"123.136.116.97","8/16/2018 4:09 AM","GMT","10.69","15.24","36","Kuala Lumpur","150"
"123.136.116.97","8/16/2018 4:10 AM","GMT","9.56","10.86","59","Kuala Lumpur","150"
"123.136.116.97","8/16/2018 4:12 AM","GMT","4.89","24.11","26","Kuala Lumpur","150"
"123.136.116.97","8/16/2018 4:13 AM","GMT","1.54","22.70","28","Kuala Lumpur","150"
"123.136.116.97","8/16/2018 4:13 AM","GMT","2.36","23.71","25","Kuala Lumpur","150"
"123.136.116.97","8/16/2018 4:14 AM","GMT","5.17","21.99","33","Kuala Lumpur","150"
"123.136.116.97","8/16/2018 4:15 AM","GMT","7.35","11.68","27","Kuala Lumpur","150"
"123.136.116.97","8/16/2018 4:15 AM","GMT","6.53","11.42","28","Kuala Lumpur","150"
"123.136.116.97","8/16/2018 4:16 AM","GMT","4.87","11.86","24","Kuala Lumpur","150"
"123.136.116.97","8/16/2018 4:17 AM","GMT","3.61","22.37","26","Kuala Lumpur","150"
"123.136.116.97","8/16/2018 4:17 AM","GMT","2.05","19.59","25","Kuala Lumpur","150"
"123.136.116.97","8/16/2018 4:18 AM","GMT","4.88","21.23","29","Kuala Lumpur","150"
"123.136.116.97","8/16/2018 4:18 AM","GMT","5.97","22.34","26","Kuala Lumpur","150"
"123.136.116.97","8/16/2018 4:19 AM","GMT","3.39","11.05","105","Kuala Lumpur","150"
"123.136.116.97","8/16/2018 4:20 AM","GMT","4.40","9.27","24","Kuala Lumpur","150"
"123.136.116.97","8/16/2018 4:20 AM","GMT","3.68","10.60","23","Kuala Lumpur","150"
"123.136.116.97","8/16/2018 4:21 AM","GMT","5.87","9.13","26","Kuala Lumpur","150"
"123.136.116.97","8/16/2018 4:22 AM","GMT","8.84","16.43","21","Kuala Lumpur","150"
"123.136.116.97","8/16/2018 4:22 AM","GMT","9.31","21.14","31","Kuala Lumpur","150"
"123.136.116.97","8/16/2018 4:23 AM","GMT","11.73","21.08","32","Kuala Lumpur","150"
"123.136.116.97","8/16/2018 4:24 AM","GMT","12.85","9.71","33","Kuala Lumpur","150"
"123.136.116.97","8/16/2018 4:24 AM","GMT","6.82","11.56","106","Kuala Lumpur","150"
"123.136.116.97","8/16/2018 4:25 AM","GMT","6.01","10.48","25","Kuala Lumpur","150"
"123.136.116.97","8/16/2018 4:25 AM","GMT","4.85","10.31","26","Kuala Lumpur","150"
"123.136.116.97","8/16/2018 4:26 AM","GMT","5.46","15.55","30","Kuala Lumpur","150"
"123.136.116.97","8/16/2018 4:27 AM","GMT","4.92","23.32","39","Kuala Lumpur","150"
"123.136.116.97","8/16/2018 4:27 AM","GMT","7.37","22.30","28","Kuala Lumpur","150"
"123.136.116.97","8/16/2018 4:28 AM","GMT","3.96","19.22","29","Kuala Lumpur","150"
"123.136.116.97","8/16/2018 4:29 AM","GMT","6.21","11.26","27","Kuala Lumpur","150"
"123.136.116.97","8/16/2018 4:29 AM","GMT","5.98","12.41","27","Kuala Lumpur","150"
"123.136.116.97","8/16/2018 4:30 AM","GMT","3.58","10.99","28","Kuala Lumpur","150"
"123.136.116.97","8/16/2018 4:30 AM","GMT","2.33","11.20","29","Kuala Lumpur","150"
"123.136.116.97","8/16/2018 4:31 AM","GMT","10.37","20.77","32","Kuala Lumpur","150"
"123.136.116.97","8/16/2018 4:32 AM","GMT","13.22","12.71","30","Kuala Lumpur","150"
"123.136.116.97","8/16/2018 4:32 AM","GMT","11.89","9.02","37","Kuala Lumpur","150"
"123.136.116.97","8/16/2018 4:33 AM","GMT","9.59","7.11","33","Kuala Lumpur","150"
"123.136.116.97","8/16/2018 4:34 AM","GMT","4.77","10.80","32","Kuala Lumpur","150"
"123.136.116.97","8/16/2018 4:34 AM","GMT","6.74","12.14","25","Kuala Lumpur","150"
"123.136.116.97","8/16/2018 4:35 AM","GMT","7.43","11.79","30","Kuala Lumpur","150"
"123.136.116.97","8/16/2018 4:35 AM","GMT","2.47","12.64","26","Kuala Lumpur","150"
"123.136.116.97","8/16/2018 4:36 AM","GMT","5.11","8.31","33","Kuala Lumpur","150"
"123.136.116.97","8/16/2018 4:37 AM","GMT","8.91","7.74","47","Kuala Lumpur","150"
"123.136.116.97","8/16/2018 4:38 AM","GMT","8.43","1.01","55","Kuala Lumpur","150"
"123.136.116.97","8/16/2018 4:38 AM","GMT","1.75","2.60","60","Kuala Lumpur","150"
"123.136.116.97","8/16/2018 4:39 AM","GMT","1.49","11.43","38","Kuala Lumpur","150"
"123.136.116.97","8/16/2018 4:39 AM","GMT","4.46","12.62","39","Kuala Lumpur","150"
"123.136.116.97","8/16/2018 4:40 AM","GMT","3.35","3.28","30","Kuala Lumpur","150"
"123.136.116.97","8/16/2018 4:41 AM","GMT","3.48","3.45","34","Kuala Lumpur","150"
"123.136.116.97","8/16/2018 4:41 AM","GMT","5.12","2.65","40","Kuala Lumpur","150"
"123.136.116.97","8/16/2018 4:42 AM","GMT","3.43","2.22","23","Kuala Lumpur","150"
"123.136.116.97","8/16/2018 4:43 AM","GMT","3.59","10.36","32","Kuala Lumpur","150"
"123.136.116.97","8/16/2018 4:43 AM","GMT","3.56","10.78","29","Kuala Lumpur","150"
"123.136.116.97","8/16/2018 4:44 AM","GMT","5.57","6.69","30","Kuala Lumpur","150"
"123.136.116.97","8/16/2018 4:45 AM","GMT","4.66","3.30","35","Kuala Lumpur","150"
"123.136.116.97","8/16/2018 4:45 AM","GMT","6.12","2.94","27","Kuala Lumpur","150"
"123.136.116.97","8/16/2018 4:46 AM","GMT","3.75","3.05","128","Kuala Lumpur","150"
"123.136.116.97","8/16/2018 4:47 AM","GMT","2.10","3.14","31","Kuala Lumpur","150"
"123.136.116.97","8/16/2018 4:47 AM","GMT","3.03","3.26","41","Kuala Lumpur","150"
"123.136.116.97","8/16/2018 4:48 AM","GMT","5.10","2.88","52","Kuala Lumpur","150"
"123.136.116.97","8/16/2018 4:49 AM","GMT","4.08","6.48","31","Kuala Lumpur","150"
"123.136.116.97","8/16/2018 4:49 AM","GMT","2.37","3.78","43","Kuala Lumpur","150"
"123.136.116.97","8/16/2018 4:50 AM","GMT","3.87","2.27","42","Kuala Lumpur","150"
"123.136.116.97","8/16/2018 4:51 AM","GMT","3.02","15.42","49","Kuala Lumpur","150"
"123.136.116.97","8/16/2018 4:51 AM","GMT","2.86","2.88","42","Kuala Lumpur","150"
"123.136.116.97","8/16/2018 4:52 AM","GMT","8.40","2.63","37","Kuala Lumpur","150"
"123.136.116.97","8/16/2018 4:53 AM","GMT","4.63","2.91","39","Kuala Lumpur","150"
"123.136.116.97","8/16/2018 4:53 AM","GMT","6.96","3.66","35","Kuala Lumpur","150"
"123.136.116.97","8/16/2018 4:54 AM","GMT","6.05","3.29","31","Kuala Lumpur","150"
"123.136.116.97","8/16/2018 4:55 AM","GMT","5.23","2.16","50","Kuala Lumpur","150"
"123.136.116.97","8/16/2018 4:55 AM","GMT","5.68","10.13","42","Kuala Lumpur","150"
"123.136.116.97","8/16/2018 4:56 AM","GMT","3.04","2.70","49","Kuala Lumpur","150"
"123.136.116.97","8/16/2018 4:57 AM","GMT","4.83","4.42","34","Kuala Lumpur","150"
"123.136.116.97","8/16/2018 4:57 AM","GMT","8.58","2.82","29","Kuala Lumpur","150"
"123.136.116.97","8/16/2018 4:58 AM","GMT","3.26","2.91","33","Kuala Lumpur","150"
"123.136.116.97","8/16/2018 4:59 AM","GMT","1.70","1.87","30","Kuala Lumpur","150"
"123.136.116.97","8/16/2018 4:59 AM","GMT","5.25","4.33","30","Kuala Lumpur","150"
"123.136.116.97","8/16/2018 5:00 AM","GMT","3.71","3.21","30","Kuala Lumpur","150"
"123.136.116.97","8/16/2018 5:01 AM","GMT","4.95","2.90","28","Kuala Lumpur","150"
"123.136.116.97","8/16/2018 5:01 AM","GMT","4.48","2.58","33","Kuala Lumpur","150"
"123.136.116.97","8/16/2018 5:02 AM","GMT","3.52","2.14","84","Kuala Lumpur","150"
"123.136.116.97","8/16/2018 5:03 AM","GMT","5.73","8.48","30","Kuala Lumpur","150"
"123.136.116.97","8/16/2018 5:03 AM","GMT","3.39","5.53","26","Kuala Lumpur","150"
"123.136.116.97","8/16/2018 5:04 AM","GMT","1.43","9.25","35","Kuala Lumpur","150"
"123.136.116.97","8/16/2018 5:04 AM","GMT","4.84","11.17","29","Kuala Lumpur","150"
"123.136.116.97","8/16/2018 5:05 AM","GMT","2.16","10.07","26","Kuala Lumpur","150"
"123.136.116.97","8/16/2018 5:06 AM","GMT","4.37","19.95","38","Kuala Lumpur","150"
"123.136.116.97","8/16/2018 5:06 AM","GMT","12.61","20.18","32","Kuala Lumpur","150"
"123.136.116.97","8/16/2018 5:07 AM","GMT","5.37","20.04","37","Kuala Lumpur","150"
"123.136.116.97","8/16/2018 5:08 AM","GMT","4.07","9.25","32","Kuala Lumpur","150"
"123.136.116.97","8/16/2018 5:08 AM","GMT","7.40","9.78","33","Kuala Lumpur","150"
"123.136.116.97","8/16/2018 5:09 AM","GMT","5.96","13.72","58","Kuala Lumpur","150"
"123.136.116.97","8/16/2018 5:10 AM","GMT","2.65","12.16","39","Kuala Lumpur","150"
"123.136.116.97","8/16/2018 5:10 AM","GMT","5.00","22.20","30","Kuala Lumpur","150"
"123.136.116.97","8/16/2018 5:11 AM","GMT","8.60","15.29","34","Kuala Lumpur","150"
"123.136.116.97","8/16/2018 5:12 AM","GMT","5.80","22.29","105","Kuala Lumpur","150"
"123.136.116.97","8/16/2018 5:12 AM","GMT","6.21","8.94","36","Kuala Lumpur","150"
"123.136.116.97","8/16/2018 5:13 AM","GMT","4.02","9.56","28","Kuala Lumpur","150"
"123.136.116.97","8/16/2018 5:13 AM","GMT","2.65","9.41","31","Kuala Lumpur","150"
"123.136.116.97","8/16/2018 5:14 AM","GMT","3.37","7.36","30","Kuala Lumpur","150"
"123.136.116.97","8/16/2018 5:15 AM","GMT","9.24","18.31","26","Kuala Lumpur","150"
"123.136.116.97","8/16/2018 5:15 AM","GMT","3.69","17.63","42","Kuala Lumpur","150"
"123.136.116.97","8/16/2018 5:16 AM","GMT","2.60","20.36","39","Kuala Lumpur","150"
"123.136.116.97","8/16/2018 5:17 AM","GMT","6.31","10.85","54","Kuala Lumpur","150"
"123.136.116.97","8/16/2018 5:17 AM","GMT","4.53","10.81","24","Kuala Lumpur","150"
"123.136.116.97","8/16/2018 5:18 AM","GMT","5.52","11.64","28","Kuala Lumpur","150"
"123.136.116.97","8/16/2018 5:19 AM","GMT","2.59","8.54","35","Kuala Lumpur","150"
"123.136.116.97","8/16/2018 5:19 AM","GMT","4.10","22.54","23","Kuala Lumpur","150"
"123.136.116.97","8/16/2018 5:20 AM","GMT","3.37","22.09","31","Kuala Lumpur","150"
"123.136.116.97","8/16/2018 5:20 AM","GMT","4.29","22.20","32","Kuala Lumpur","150"
"123.136.116.97","8/16/2018 5:21 AM","GMT","2.61","18.90","35","Kuala Lumpur","150"
"123.136.116.97","8/16/2018 5:22 AM","GMT","5.02","9.51","29","Kuala Lumpur","150"
"123.136.116.97","8/16/2018 5:23 AM","GMT","2.44","9.32","29","Kuala Lumpur","150"
"123.136.116.97","8/16/2018 5:23 AM","GMT","1.64","22.09","27","Kuala Lumpur","150"
"123.136.116.97","8/16/2018 5:24 AM","GMT","2.56","14.93","29","Kuala Lumpur","150"
"123.136.116.97","8/16/2018 5:25 AM","GMT","1.91","22.11","30","Kuala Lumpur","150"
"123.136.116.97","8/16/2018 5:25 AM","GMT","5.40","16.26","27","Kuala Lumpur","150"
"123.136.116.97","8/16/2018 5:26 AM","GMT","3.95","9.42","38","Kuala Lumpur","150"
"123.136.116.97","8/16/2018 5:27 AM","GMT","2.39","8.71","29","Kuala Lumpur","150"
"123.136.116.97","8/16/2018 5:27 AM","GMT","1.50","8.80","29","Kuala Lumpur","150"
"123.136.116.97","8/16/2018 5:28 AM","GMT","2.09","9.05","30","Kuala Lumpur","150"
"123.136.116.97","8/16/2018 5:28 AM","GMT","3.99","21.27","30","Kuala Lumpur","150"
"123.136.116.97","8/16/2018 5:29 AM","GMT","4.43","5.70","29","Kuala Lumpur","150"
"123.136.116.97","8/16/2018 5:30 AM","GMT","5.59","21.04","29","Kuala Lumpur","150"
"123.136.116.97","8/16/2018 5:30 AM","GMT","2.36","23.09","29","Kuala Lumpur","150"
"123.136.116.97","8/16/2018 5:31 AM","GMT","3.25","20.03","28","Kuala Lumpur","150"
"123.136.116.97","8/16/2018 5:32 AM","GMT","5.04","8.81","34","Kuala Lumpur","150"
"123.136.116.97","8/16/2018 5:32 AM","GMT","2.43","4.25","24","Kuala Lumpur","150"
"123.136.116.97","8/16/2018 5:33 AM","GMT","5.68","11.67","27","Kuala Lumpur","150"
"123.136.116.97","8/16/2018 5:34 AM","GMT","3.84","19.69","38","Kuala Lumpur","150"
"123.136.116.97","8/16/2018 5:34 AM","GMT","10.98","22.07","29","Kuala Lumpur","150"
"123.136.116.97","8/16/2018 5:35 AM","GMT","9.89","20.35","29","Kuala Lumpur","150"
"123.136.116.97","8/16/2018 5:35 AM","GMT","6.75","18.25","33","Kuala Lumpur","150"
"123.136.116.97","8/16/2018 5:36 AM","GMT","4.47","10.29","27","Kuala Lumpur","150"
"123.136.116.97","8/16/2018 5:37 AM","GMT","5.64","13.20","27","Kuala Lumpur","150"
"123.136.116.97","8/16/2018 5:37 AM","GMT","6.50","11.37","29","Kuala Lumpur","150"
"123.136.116.97","8/16/2018 5:38 AM","GMT","2.65","17.37","33","Kuala Lumpur","150"
"123.136.116.97","8/16/2018 5:39 AM","GMT","3.16","22.72","28","Kuala Lumpur","150"
"123.136.116.97","8/16/2018 5:39 AM","GMT","4.91","23.50","26","Kuala Lumpur","150"
"123.136.116.97","8/16/2018 5:40 AM","GMT","6.44","23.92","30","Kuala Lumpur","150"
"123.136.116.97","8/16/2018 5:40 AM","GMT","4.07","22.86","32","Kuala Lumpur","150"
"123.136.116.97","8/16/2018 5:41 AM","GMT","3.36","9.39","27","Kuala Lumpur","150"
"123.136.116.97","8/16/2018 5:42 AM","GMT","5.41","8.18","33","Kuala Lumpur","150"
"123.136.116.97","8/16/2018 5:42 AM","GMT","4.07","9.32","35","Kuala Lumpur","150"
"123.136.116.97","8/16/2018 5:43 AM","GMT","4.02","14.52","29","Kuala Lumpur","150"
"123.136.116.97","8/16/2018 5:44 AM","GMT","18.32","20.82","41","Kuala Lumpur","150"
"123.136.116.97","8/16/2018 5:44 AM","GMT","16.30","21.22","30","Kuala Lumpur","150"
"123.136.116.97","8/16/2018 5:45 AM","GMT","4.34","20.44","39","Kuala Lumpur","150"
"123.136.116.97","8/16/2018 5:45 AM","GMT","7.36","20.31","36","Kuala Lumpur","150"
"123.136.116.97","8/16/2018 5:46 AM","GMT","7.14","14.02","35","Kuala Lumpur","150"
"123.136.116.97","8/16/2018 5:47 AM","GMT","5.03","12.92","30","Kuala Lumpur","150"
"123.136.116.97","8/16/2018 5:47 AM","GMT","3.82","6.25","30","Kuala Lumpur","150"
"123.136.116.97","8/16/2018 5:48 AM","GMT","3.86","10.84","30","Kuala Lumpur","150"
"123.136.116.97","8/16/2018 5:49 AM","GMT","3.39","15.54","34","Kuala Lumpur","150"
"123.136.116.97","8/16/2018 5:49 AM","GMT","17.48","20.14","30","Kuala Lumpur","150"
"123.136.116.97","8/16/2018 5:50 AM","GMT","15.41","19.03","40","Kuala Lumpur","150"
"123.136.116.97","8/16/2018 5:51 AM","GMT","4.77","19.79","31","Kuala Lumpur","150"
"123.136.116.97","8/16/2018 5:51 AM","GMT","2.43","10.27","32","Kuala Lumpur","150"
"123.136.116.97","8/16/2018 5:52 AM","GMT","3.80","9.81","25","Kuala Lumpur","150"
"123.136.116.97","8/16/2018 5:52 AM","GMT","3.08","11.61","30","Kuala Lumpur","150"
"123.136.116.97","8/16/2018 5:53 AM","GMT","4.79","22.87","32","Kuala Lumpur","150"
"123.136.116.97","8/16/2018 5:54 AM","GMT","2.57","21.28","31","Kuala Lumpur","150"
"123.136.116.97","8/16/2018 5:54 AM","GMT","3.42","21.31","29","Kuala Lumpur","150"
"123.136.116.97","8/16/2018 5:55 AM","GMT","4.23","23.37","33","Kuala Lumpur","150"
"123.136.116.97","8/16/2018 5:56 AM","GMT","4.36","12.19","29","Kuala Lumpur","150"
"123.136.116.97","8/16/2018 5:56 AM","GMT","4.00","11.21","31","Kuala Lumpur","150"
"123.136.116.97","8/16/2018 5:57 AM","GMT","6.49","13.01","30","Kuala Lumpur","150"
"123.136.116.97","8/16/2018 5:57 AM","GMT","2.28","12.52","29","Kuala Lumpur","150"
"123.136.116.97","8/16/2018 5:58 AM","GMT","5.35","19.15","41","Kuala Lumpur","150"
"123.136.116.97","8/16/2018 5:59 AM","GMT","5.10","20.49","30","Kuala Lumpur","150"
"123.136.116.97","8/16/2018 5:59 AM","GMT","5.25","20.14","30","Kuala Lumpur","150"
"123.136.116.97","8/16/2018 6:00 AM","GMT","11.80","17.93","37","Kuala Lumpur","150"
"123.136.116.97","8/16/2018 6:00 AM","GMT","11.06","19.31","31","Kuala Lumpur","150"
"123.136.116.97","8/16/2018 6:01 AM","GMT","12.30","17.46","44","Kuala Lumpur","150"
"123.136.116.97","8/16/2018 6:02 AM","GMT","9.77","15.30","29","Kuala Lumpur","150"
"123.136.116.97","8/16/2018 6:02 AM","GMT","4.50","14.67","29","Kuala Lumpur","150"
"123.136.116.97","8/16/2018 6:03 AM","GMT","11.16","14.18","34","Kuala Lumpur","150"
"123.136.116.97","8/16/2018 6:04 AM","GMT","3.01","14.01","31","Kuala Lumpur","150"
"123.136.116.97","8/16/2018 6:04 AM","GMT","3.97","21.07","36","Kuala Lumpur","150"
"123.136.116.97","8/16/2018 6:05 AM","GMT","1.40","22.82","35","Kuala Lumpur","150"
"123.136.116.97","8/16/2018 6:05 AM","GMT","4.11","23.62","32","Kuala Lumpur","150"
"123.136.116.97","8/16/2018 6:06 AM","GMT","3.51","19.02","28","Kuala Lumpur","150"
"123.136.116.97","8/16/2018 6:07 AM","GMT","4.15","12.61","29","Kuala Lumpur","150"
"123.136.116.97","8/16/2018 6:07 AM","GMT","5.22","11.41","29","Kuala Lumpur","150"
"123.136.116.97","8/16/2018 6:08 AM","GMT","5.01","11.56","29","Kuala Lumpur","150"
"123.136.116.97","8/16/2018 6:09 AM","GMT","5.34","11.99","29","Kuala Lumpur","150"
"123.136.116.97","8/16/2018 6:09 AM","GMT","4.72","21.12","30","Kuala Lumpur","150"
"123.136.116.97","8/16/2018 6:10 AM","GMT","3.99","21.21","39","Kuala Lumpur","150"
"123.136.116.97","8/16/2018 6:10 AM","GMT","6.02","19.14","34","Kuala Lumpur","150"
"123.136.116.97","8/16/2018 6:11 AM","GMT","3.95","5.50","30","Kuala Lumpur","150"
"123.136.116.97","8/16/2018 6:12 AM","GMT","3.46","12.19","89","Kuala Lumpur","150"
"123.136.116.97","8/16/2018 6:12 AM","GMT","6.75","12.21","27","Kuala Lumpur","150"
"123.136.116.97","8/16/2018 6:13 AM","GMT","3.11","11.82","29","Kuala Lumpur","150"
"123.136.116.97","8/16/2018 6:14 AM","GMT","8.11","18.31","38","Kuala Lumpur","150"
"123.136.116.97","8/16/2018 6:14 AM","GMT","4.52","18.08","32","Kuala Lumpur","150"
"123.136.116.97","8/16/2018 6:15 AM","GMT","9.77","18.50","32","Kuala Lumpur","150"
"123.136.116.97","8/16/2018 6:15 AM","GMT","2.75","9.64","30","Kuala Lumpur","150"
"123.136.116.97","8/16/2018 6:16 AM","GMT","4.75","9.46","34","Kuala Lumpur","150"
"123.136.116.97","8/16/2018 6:17 AM","GMT","3.78","11.59","30","Kuala Lumpur","150"
"123.136.116.97","8/16/2018 6:17 AM","GMT","5.99","9.29","31","Kuala Lumpur","150"
"123.136.116.97","8/16/2018 6:18 AM","GMT","2.95","24.98","29","Kuala Lumpur","150"
"123.136.116.97","8/16/2018 6:19 AM","GMT","3.21","24.69","29","Kuala Lumpur","150"
"123.136.116.97","8/16/2018 6:19 AM","GMT","4.28","22.84","32","Kuala Lumpur","150"
"123.136.116.97","8/16/2018 6:20 AM","GMT","3.36","21.69","38","Kuala Lumpur","150"
"123.136.116.97","8/16/2018 6:21 AM","GMT","5.38","9.89","29","Kuala Lumpur","150"
"123.136.116.97","8/16/2018 6:21 AM","GMT","5.95","12.53","34","Kuala Lumpur","150"
"123.136.116.97","8/16/2018 6:22 AM","GMT","3.89","12.73","29","Kuala Lumpur","150"
"123.136.116.97","8/16/2018 6:23 AM","GMT","4.95","22.43","24","Kuala Lumpur","150"
"123.136.116.97","8/16/2018 6:23 AM","GMT","14.11","21.66","27","Kuala Lumpur","150"
"123.136.116.97","8/16/2018 6:24 AM","GMT","7.98","22.46","26","Kuala Lumpur","150"
"123.136.116.97","8/16/2018 6:24 AM","GMT","10.75","23.03","29","Kuala Lumpur","150"
"123.136.116.97","8/16/2018 6:25 AM","GMT","5.51","12.86","28","Kuala Lumpur","150"
"123.136.116.97","8/16/2018 6:26 AM","GMT","6.38","12.84","29","Kuala Lumpur","150"
"123.136.116.97","8/16/2018 6:26 AM","GMT","9.28","12.13","26","Kuala Lumpur","150"
"123.136.116.97","8/16/2018 6:27 AM","GMT","5.42","13.68","28","Kuala Lumpur","150"
"123.136.116.97","8/16/2018 6:27 AM","GMT","11.02","20.68","39","Kuala Lumpur","150"
"123.136.116.97","8/16/2018 6:28 AM","GMT","13.98","20.74","30","Kuala Lumpur","150"
"123.136.116.97","8/16/2018 6:29 AM","GMT","15.17","21.01","29","Kuala Lumpur","150"
"123.136.116.97","8/16/2018 6:29 AM","GMT","8.66","12.70","29","Kuala Lumpur","150"
"123.136.116.97","8/16/2018 6:30 AM","GMT","3.64","13.50","30","Kuala Lumpur","150"
"123.136.116.97","8/16/2018 6:31 AM","GMT","5.11","13.08","30","Kuala Lumpur","150"
"123.136.116.97","8/16/2018 6:31 AM","GMT","6.41","12.35","29","Kuala Lumpur","150"
"123.136.116.97","8/16/2018 6:32 AM","GMT","7.48","14.12","28","Kuala Lumpur","150"
"123.136.116.97","8/16/2018 6:32 AM","GMT","10.82","20.99","39","Kuala Lumpur","150"
"123.136.116.97","8/16/2018 6:33 AM","GMT","12.48","22.28","28","Kuala Lumpur","150"
"123.136.116.97","8/16/2018 6:34 AM","GMT","8.42","21.96","33","Kuala Lumpur","150"
"123.136.116.97","8/16/2018 6:34 AM","GMT","10.43","12.80","29","Kuala Lumpur","150"
"123.136.116.97","8/16/2018 6:35 AM","GMT","7.13","8.20","30","Kuala Lumpur","150"
"123.136.116.97","8/16/2018 6:36 AM","GMT","6.27","9.55","32","Kuala Lumpur","150"
"123.136.116.97","8/16/2018 6:36 AM","GMT","5.41","11.77","38","Kuala Lumpur","150"
"123.136.116.97","8/16/2018 6:37 AM","GMT","6.92","11.40","28","Kuala Lumpur","150"
"123.136.116.97","8/16/2018 6:38 AM","GMT","6.43","22.87","32","Kuala Lumpur","150"
"123.136.116.97","8/16/2018 6:38 AM","GMT","3.70","21.78","30","Kuala Lumpur","150"
"123.136.116.97","8/16/2018 6:39 AM","GMT","2.01","21.81","38","Kuala Lumpur","150"
"123.136.116.97","8/16/2018 6:39 AM","GMT","5.85","21.74","34","Kuala Lumpur","150"
"123.136.116.97","8/16/2018 6:40 AM","GMT","4.12","20.60","22","Kuala Lumpur","150"
"123.136.116.97","8/16/2018 6:41 AM","GMT","4.46","10.26","27","Kuala Lumpur","150"
"123.136.116.97","8/16/2018 6:41 AM","GMT","2.72","10.68","33","Kuala Lumpur","150"
"123.136.116.97","8/16/2018 6:42 AM","GMT","2.94","9.38","27","Kuala Lumpur","150"
"123.136.116.97","8/16/2018 6:42 AM","GMT","2.30","15.71","28","Kuala Lumpur","150"
"123.136.116.97","8/16/2018 6:43 AM","GMT","5.95","21.53","42","Kuala Lumpur","150"
"123.136.116.97","8/16/2018 6:44 AM","GMT","10.56","22.08","32","Kuala Lumpur","150"
"123.136.116.97","8/16/2018 6:44 AM","GMT","12.11","21.73","29","Kuala Lumpur","150"
"123.136.116.97","8/16/2018 6:45 AM","GMT","14.52","20.12","37","Kuala Lumpur","150"
"123.136.116.97","8/16/2018 6:46 AM","GMT","3.78","16.00","38","Kuala Lumpur","150"
"123.136.116.97","8/16/2018 6:46 AM","GMT","6.97","12.74","38","Kuala Lumpur","150"
"123.136.116.97","8/16/2018 6:47 AM","GMT","5.17","13.75","35","Kuala Lumpur","150"
"123.136.116.97","8/16/2018 6:47 AM","GMT","5.08","14.60","29","Kuala Lumpur","150"
"123.136.116.97","8/16/2018 6:48 AM","GMT","1.46","20.33","30","Kuala Lumpur","150"
"123.136.116.97","8/16/2018 6:49 AM","GMT","3.48","20.38","31","Kuala Lumpur","150"
"123.136.116.97","8/16/2018 6:49 AM","GMT","2.78","21.16","31","Kuala Lumpur","150"
"123.136.116.97","8/16/2018 6:50 AM","GMT","4.25","6.36","29","Kuala Lumpur","150"
"123.136.116.97","8/16/2018 6:50 AM","GMT","3.18","8.42","30","Kuala Lumpur","150"
"123.136.116.97","8/16/2018 6:51 AM","GMT","4.93","7.58","29","Kuala Lumpur","150"
"123.136.116.97","8/16/2018 6:52 AM","GMT","4.73","8.38","30","Kuala Lumpur","150"
"123.136.116.97","8/16/2018 6:52 AM","GMT","3.88","10.81","26","Kuala Lumpur","150"
"123.136.116.97","8/16/2018 6:53 AM","GMT","6.44","22.64","29","Kuala Lumpur","150"
"123.136.116.97","8/16/2018 6:54 AM","GMT","3.05","21.87","28","Kuala Lumpur","150"
"123.136.116.97","8/16/2018 6:54 AM","GMT","5.14","22.70","28","Kuala Lumpur","150"
"123.136.116.97","8/16/2018 6:55 AM","GMT","3.36","8.40","28","Kuala Lumpur","150"
"123.136.116.97","8/16/2018 6:55 AM","GMT","3.92","11.18","31","Kuala Lumpur","150"
"123.136.116.97","8/16/2018 6:56 AM","GMT","3.98","11.77","29","Kuala Lumpur","150"
"123.136.116.97","8/16/2018 6:57 AM","GMT","4.78","11.31","29","Kuala Lumpur","150"
"123.136.116.97","8/16/2018 6:57 AM","GMT","5.47","10.28","31","Kuala Lumpur","150"
"123.136.116.97","8/16/2018 6:58 AM","GMT","10.79","18.95","38","Kuala Lumpur","150"
"123.136.116.97","8/16/2018 6:59 AM","GMT","10.68","20.46","34","Kuala Lumpur","150"
"123.136.116.97","8/16/2018 6:59 AM","GMT","11.55","20.36","28","Kuala Lumpur","150"
"123.136.116.97","8/16/2018 7:00 AM","GMT","9.03","11.50","34","Kuala Lumpur","150"
"123.136.116.97","8/16/2018 7:00 AM","GMT","5.32","11.85","22","Kuala Lumpur","150"
"123.136.116.97","8/16/2018 7:01 AM","GMT","5.78","10.12","31","Kuala Lumpur","150"
"123.136.116.97","8/16/2018 7:02 AM","GMT","3.15","11.92","32","Kuala Lumpur","150"
"123.136.116.97","8/16/2018 7:02 AM","GMT","3.97","12.84","37","Kuala Lumpur","150"
"123.136.116.97","8/16/2018 7:03 AM","GMT","2.88","23.11","29","Kuala Lumpur","150"
"123.136.116.97","8/16/2018 7:04 AM","GMT","5.95","21.27","29","Kuala Lumpur","150"
"123.136.116.97","8/16/2018 7:04 AM","GMT","5.03","21.96","24","Kuala Lumpur","150"
"123.136.116.97","8/16/2018 7:05 AM","GMT","7.16","12.02","31","Kuala Lumpur","150"
"123.136.116.97","8/16/2018 7:05 AM","GMT","3.95","7.58","30","Kuala Lumpur","150"
"123.136.116.97","8/16/2018 7:06 AM","GMT","1.98","10.41","28","Kuala Lumpur","150"
"123.136.116.97","8/16/2018 7:07 AM","GMT","1.47","7.57","27","Kuala Lumpur","150"
"123.136.116.97","8/16/2018 7:07 AM","GMT","3.39","21.79","28","Kuala Lumpur","150"
"123.136.116.97","8/16/2018 7:08 AM","GMT","3.20","19.72","30","Kuala Lumpur","150"
"123.136.116.97","8/16/2018 7:09 AM","GMT","5.58","21.60","34","Kuala Lumpur","150"
"123.136.116.97","8/16/2018 7:09 AM","GMT","6.38","8.98","33","Kuala Lumpur","150"
"123.136.116.97","8/16/2018 7:10 AM","GMT","3.21","9.92","32","Kuala Lumpur","150"
"123.136.116.97","8/16/2018 7:10 AM","GMT","0.92","5.39","27","Kuala Lumpur","150"
"123.136.116.97","8/16/2018 7:11 AM","GMT","1.96","9.47","29","Kuala Lumpur","150"
"123.136.116.97","8/16/2018 7:12 AM","GMT","7.87","17.85","27","Kuala Lumpur","150"
"123.136.116.97","8/16/2018 7:12 AM","GMT","11.26","15.27","38","Kuala Lumpur","150"
"123.136.116.97","8/16/2018 7:13 AM","GMT","5.00","18.62","39","Kuala Lumpur","150"
"123.136.116.97","8/16/2018 7:14 AM","GMT","12.31","18.61","34","Kuala Lumpur","150"
"123.136.116.97","8/16/2018 7:14 AM","GMT","11.61","8.92","34","Kuala Lumpur","150"
"123.136.116.97","8/16/2018 7:15 AM","GMT","1.09","7.68","29","Kuala Lumpur","150"
"123.136.116.97","8/16/2018 7:15 AM","GMT","2.20","9.90","30","Kuala Lumpur","150"
"123.136.116.97","8/16/2018 7:16 AM","GMT","3.17","9.71","34","Kuala Lumpur","150"
"123.136.116.97","8/16/2018 7:17 AM","GMT","2.83","20.90","30","Kuala Lumpur","150"
"123.136.116.97","8/16/2018 7:17 AM","GMT","2.09","20.60","35","Kuala Lumpur","150"
"123.136.116.97","8/16/2018 7:18 AM","GMT","2.39","21.61","35","Kuala Lumpur","150"
"123.136.116.97","8/16/2018 7:19 AM","GMT","5.41","19.85","28","Kuala Lumpur","150"
"123.136.116.97","8/16/2018 7:19 AM","GMT","4.11","9.10","29","Kuala Lumpur","150"
"123.136.116.97","8/16/2018 7:20 AM","GMT","4.07","11.10","33","Kuala Lumpur","150"
"123.136.116.97","8/16/2018 7:20 AM","GMT","3.32","11.71","30","Kuala Lumpur","150"
"123.136.116.97","8/16/2018 7:21 AM","GMT","4.51","12.79","28","Kuala Lumpur","150"
"123.136.116.97","8/16/2018 7:22 AM","GMT","9.74","20.96","30","Kuala Lumpur","150"
"123.136.116.97","8/16/2018 7:22 AM","GMT","9.49","18.71","34","Kuala Lumpur","150"
"123.136.116.97","8/16/2018 7:23 AM","GMT","9.70","16.40","28","Kuala Lumpur","150"
"123.136.116.97","8/16/2018 7:24 AM","GMT","13.51","18.85","30","Kuala Lumpur","150"
"123.136.116.97","8/16/2018 7:24 AM","GMT","5.11","14.69","36","Kuala Lumpur","150"
"123.136.116.97","8/16/2018 7:25 AM","GMT","5.20","14.24","34","Kuala Lumpur","150"
"123.136.116.97","8/16/2018 7:25 AM","GMT","3.74","14.44","33","Kuala Lumpur","150"
"123.136.116.97","8/16/2018 7:26 AM","GMT","7.29","14.59","33","Kuala Lumpur","150"
"123.136.116.97","8/16/2018 7:27 AM","GMT","4.00","20.16","31","Kuala Lumpur","150"
"123.136.116.97","8/16/2018 7:27 AM","GMT","6.19","18.62","30","Kuala Lumpur","150"
"123.136.116.97","8/16/2018 7:28 AM","GMT","10.76","19.40","31","Kuala Lumpur","150"
"123.136.116.97","8/16/2018 7:29 AM","GMT","13.30","21.54","34","Kuala Lumpur","150"
"123.136.116.97","8/16/2018 7:29 AM","GMT","8.95","14.99","33","Kuala Lumpur","150"
"123.136.116.97","8/16/2018 7:30 AM","GMT","3.09","13.11","32","Kuala Lumpur","150"
"123.136.116.97","8/16/2018 7:31 AM","GMT","3.79","11.67","32","Kuala Lumpur","150"
"123.136.116.97","8/16/2018 7:31 AM","GMT","1.82","11.12","32","Kuala Lumpur","150"
"123.136.116.97","8/16/2018 7:32 AM","GMT","2.91","12.72","32","Kuala Lumpur","150"
"123.136.116.97","8/16/2018 7:33 AM","GMT","12.22","17.48","44","Kuala Lumpur","150"
"123.136.116.97","8/16/2018 7:33 AM","GMT","9.68","12.06","30","Kuala Lumpur","150"
"123.136.116.97","8/16/2018 7:34 AM","GMT","11.07","21.00","33","Kuala Lumpur","150"
"123.136.116.97","8/16/2018 7:34 AM","GMT","14.83","16.69","39","Kuala Lumpur","150"
"123.136.116.97","8/16/2018 7:35 AM","GMT","4.37","9.79","26","Kuala Lumpur","150"
"123.136.116.97","8/16/2018 7:36 AM","GMT","5.40","10.70","32","Kuala Lumpur","150"
"123.136.116.97","8/16/2018 7:36 AM","GMT","4.01","8.56","39","Kuala Lumpur","150"
"123.136.116.97","8/16/2018 7:37 AM","GMT","2.74","9.24","26","Kuala Lumpur","150"
"123.136.116.97","8/16/2018 7:38 AM","GMT","4.42","19.98","26","Kuala Lumpur","150"
"123.136.116.97","8/16/2018 7:38 AM","GMT","16.26","17.79","32","Kuala Lumpur","150"
"123.136.116.97","8/16/2018 7:39 AM","GMT","10.30","19.54","29","Kuala Lumpur","150"
"123.136.116.97","8/16/2018 7:39 AM","GMT","15.81","18.74","30","Kuala Lumpur","150"
"123.136.116.97","8/16/2018 7:40 AM","GMT","3.73","12.30","25","Kuala Lumpur","150"
"123.136.116.97","8/16/2018 7:41 AM","GMT","4.61","8.93","27","Kuala Lumpur","150"
"123.136.116.97","8/16/2018 7:41 AM","GMT","2.92","8.41","32","Kuala Lumpur","150"
"123.136.116.97","8/16/2018 7:42 AM","GMT","1.77","7.70","28","Kuala Lumpur","150"
"123.136.116.97","8/16/2018 7:43 AM","GMT","10.86","18.44","34","Kuala Lumpur","150"
"123.136.116.97","8/16/2018 7:43 AM","GMT","11.92","16.15","32","Kuala Lumpur","150"
"123.136.116.97","8/16/2018 7:44 AM","GMT","10.04","17.95","28","Kuala Lumpur","150"
"123.136.116.97","8/16/2018 7:44 AM","GMT","12.61","16.92","29","Kuala Lumpur","150"
"123.136.116.97","8/16/2018 7:45 AM","GMT","4.08","14.29","28","Kuala Lumpur","150"
"123.136.116.97","8/16/2018 7:46 AM","GMT","10.27","15.54","34","Kuala Lumpur","150"
"123.136.116.97","8/16/2018 7:46 AM","GMT","8.45","13.97","34","Kuala Lumpur","150"
"123.136.116.97","8/16/2018 7:47 AM","GMT","6.00","14.42","28","Kuala Lumpur","150"
"123.136.116.97","8/16/2018 7:48 AM","GMT","3.09","22.74","26","Kuala Lumpur","150"
"123.136.116.97","8/16/2018 7:48 AM","GMT","3.50","20.88","29","Kuala Lumpur","150"
"123.136.116.97","8/16/2018 7:49 AM","GMT","3.35","23.44","29","Kuala Lumpur","150"
"123.136.116.97","8/16/2018 7:49 AM","GMT","4.54","10.42","26","Kuala Lumpur","150"
"123.136.116.97","8/16/2018 7:50 AM","GMT","1.98","10.79","28","Kuala Lumpur","150"
"123.136.116.97","8/16/2018 7:51 AM","GMT","3.84","7.20","23","Kuala Lumpur","150"
"123.136.116.97","8/16/2018 7:51 AM","GMT","3.01","10.67","32","Kuala Lumpur","150"
"123.136.116.97","8/16/2018 7:52 AM","GMT","12.69","19.02","39","Kuala Lumpur","150"
"123.136.116.97","8/16/2018 7:53 AM","GMT","8.28","20.18","31","Kuala Lumpur","150"
"123.136.116.97","8/16/2018 7:53 AM","GMT","8.53","20.64","35","Kuala Lumpur","150"
"123.136.116.97","8/16/2018 7:54 AM","GMT","12.26","14.60","31","Kuala Lumpur","150"
"123.136.116.97","8/16/2018 7:54 AM","GMT","4.31","11.68","30","Kuala Lumpur","150"
"123.136.116.97","8/16/2018 7:55 AM","GMT","5.99","11.46","26","Kuala Lumpur","150"
"123.136.116.97","8/16/2018 7:56 AM","GMT","6.49","11.85","27","Kuala Lumpur","150"
"123.136.116.97","8/16/2018 7:56 AM","GMT","4.14","23.20","33","Kuala Lumpur","150"
"123.136.116.97","8/16/2018 7:57 AM","GMT","4.69","22.10","27","Kuala Lumpur","150"
"123.136.116.97","8/16/2018 7:58 AM","GMT","1.57","19.04","30","Kuala Lumpur","150"
"123.136.116.97","8/16/2018 7:58 AM","GMT","2.77","10.74","30","Kuala Lumpur","150"
"123.136.116.97","8/16/2018 7:59 AM","GMT","5.53","11.86","74","Kuala Lumpur","150"
"123.136.116.97","8/16/2018 7:59 AM","GMT","5.65","9.85","28","Kuala Lumpur","150"
"123.136.116.97","8/16/2018 8:00 AM","GMT","2.05","9.34","29","Kuala Lumpur","150"
"123.136.116.97","8/16/2018 8:01 AM","GMT","2.11","22.52","26","Kuala Lumpur","150"
"123.136.116.97","8/16/2018 8:01 AM","GMT","3.55","21.58","26","Kuala Lumpur","150"
"123.136.116.97","8/16/2018 8:02 AM","GMT","4.90","21.89","27","Kuala Lumpur","150"
"123.136.116.97","8/16/2018 8:03 AM","GMT","5.00","7.02","27","Kuala Lumpur","150"
"123.136.116.97","8/16/2018 8:03 AM","GMT","4.44","7.30","25","Kuala Lumpur","150"
"123.136.116.97","8/16/2018 8:04 AM","GMT","2.80","6.31","30","Kuala Lumpur","150"
"123.136.116.97","8/16/2018 8:05 AM","GMT","4.70","10.40","31","Kuala Lumpur","150"
"123.136.116.97","8/16/2018 8:05 AM","GMT","7.85","20.49","27","Kuala Lumpur","150"
"123.136.116.97","8/16/2018 8:06 AM","GMT","14.47","20.25","30","Kuala Lumpur","150"
"123.136.116.97","8/16/2018 8:06 AM","GMT","12.96","20.11","35","Kuala Lumpur","150"
"123.136.116.97","8/16/2018 8:07 AM","GMT","18.77","19.61","31","Kuala Lumpur","150"
"123.136.116.97","8/16/2018 8:08 AM","GMT","16.19","14.63","27","Kuala Lumpur","150"
"123.136.116.97","8/16/2018 8:08 AM","GMT","7.80","14.44","32","Kuala Lumpur","150"
"123.136.116.97","8/16/2018 8:09 AM","GMT","9.60","12.92","29","Kuala Lumpur","150"
"123.136.116.97","8/16/2018 8:10 AM","GMT","9.43","13.10","29","Kuala Lumpur","150"
"123.136.116.97","8/16/2018 8:10 AM","GMT","11.69","17.99","26","Kuala Lumpur","150"
"123.136.116.97","8/16/2018 8:11 AM","GMT","15.72","18.76","29","Kuala Lumpur","150"
"123.136.116.97","8/16/2018 8:11 AM","GMT","11.87","19.21","31","Kuala Lumpur","150"
"123.136.116.97","8/16/2018 8:12 AM","GMT","9.21","20.25","31","Kuala Lumpur","150"
"123.136.116.97","8/16/2018 8:13 AM","GMT","11.61","14.43","30","Kuala Lumpur","150"
"123.136.116.97","8/16/2018 8:13 AM","GMT","11.19","14.77","30","Kuala Lumpur","150"
"123.136.116.97","8/16/2018 8:14 AM","GMT","7.63","13.71","31","Kuala Lumpur","150"
"123.136.116.97","8/16/2018 8:15 AM","GMT","6.61","14.23","29","Kuala Lumpur","150"
"123.136.116.97","8/16/2018 8:15 AM","GMT","8.14","11.22","30","Kuala Lumpur","150"
"123.136.116.97","8/16/2018 8:16 AM","GMT","13.78","11.66","32","Kuala Lumpur","150"
"123.136.116.97","8/16/2018 8:16 AM","GMT","3.42","10.48","29","Kuala Lumpur","150"
"123.136.116.97","8/16/2018 8:17 AM","GMT","7.30","12.24","29","Kuala Lumpur","150"
"123.136.116.97","8/16/2018 8:18 AM","GMT","1.88","14.29","32","Kuala Lumpur","150"
"123.136.116.97","8/16/2018 8:18 AM","GMT","3.93","23.86","32","Kuala Lumpur","150"
"123.136.116.97","8/16/2018 8:19 AM","GMT","4.20","21.95","24","Kuala Lumpur","150"
"123.136.116.97","8/16/2018 8:19 AM","GMT","2.29","22.57","28","Kuala Lumpur","150"
"123.136.116.97","8/16/2018 8:20 AM","GMT","5.34","13.18","28","Kuala Lumpur","150"
"123.136.116.97","8/16/2018 8:21 AM","GMT","1.34","11.77","27","Kuala Lumpur","150"
"123.136.116.97","8/16/2018 8:21 AM","GMT","2.29","11.69","30","Kuala Lumpur","150"
"123.136.116.97","8/16/2018 8:22 AM","GMT","3.52","10.87","31","Kuala Lumpur","150"
"123.136.116.97","8/16/2018 8:23 AM","GMT","4.08","23.05","25","Kuala Lumpur","150"
"123.136.116.97","8/16/2018 8:23 AM","GMT","2.31","22.00","27","Kuala Lumpur","150"
"123.136.116.97","8/16/2018 8:24 AM","GMT","3.81","23.22","27","Kuala Lumpur","150"
"123.136.116.97","8/16/2018 8:25 AM","GMT","4.17","15.49","25","Kuala Lumpur","150"
"123.136.116.97","8/16/2018 8:25 AM","GMT","2.51","8.64","25","Kuala Lumpur","150"
"123.136.116.97","8/16/2018 8:26 AM","GMT","3.54","9.61","33","Kuala Lumpur","150"
"123.136.116.97","8/16/2018 8:26 AM","GMT","3.18","10.69","32","Kuala Lumpur","150"
"123.136.116.97","8/16/2018 8:27 AM","GMT","1.84","18.94","25","Kuala Lumpur","150"
"123.136.116.97","8/16/2018 8:28 AM","GMT","11.98","21.47","30","Kuala Lumpur","150"
"123.136.116.97","8/16/2018 8:28 AM","GMT","16.88","21.08","32","Kuala Lumpur","150"
"123.136.116.97","8/16/2018 8:29 AM","GMT","7.59","18.80","30","Kuala Lumpur","150"
"123.136.116.97","8/16/2018 8:30 AM","GMT","1.90","8.33","29","Kuala Lumpur","150"
"123.136.116.97","8/16/2018 8:30 AM","GMT","4.11","10.13","30","Kuala Lumpur","150"
"123.136.116.97","8/16/2018 8:31 AM","GMT","3.38","10.77","30","Kuala Lumpur","150"
"123.136.116.97","8/16/2018 8:31 AM","GMT","5.43","17.77","30","Kuala Lumpur","150"
"123.136.116.97","8/16/2018 8:32 AM","GMT","2.66","22.89","31","Kuala Lumpur","150"
"123.136.116.97","8/16/2018 8:33 AM","GMT","0.88","22.98","27","Kuala Lumpur","150"
"123.136.116.97","8/16/2018 8:33 AM","GMT","5.23","23.98","35","Kuala Lumpur","150"
"123.136.116.97","8/16/2018 8:34 AM","GMT","3.81","20.72","24","Kuala Lumpur","150"
"123.136.116.97","8/16/2018 8:35 AM","GMT","3.52","10.70","29","Kuala Lumpur","150"
"123.136.116.97","8/16/2018 8:35 AM","GMT","6.66","11.21","29","Kuala Lumpur","150"
"123.136.116.97","8/16/2018 8:36 AM","GMT","4.04","12.00","32","Kuala Lumpur","150"
"123.136.116.97","8/16/2018 8:37 AM","GMT","4.73","20.35","24","Kuala Lumpur","150"
"123.136.116.97","8/16/2018 8:37 AM","GMT","5.49","19.19","34","Kuala Lumpur","150"
"123.136.116.97","8/16/2018 8:38 AM","GMT","6.88","20.61","34","Kuala Lumpur","150"
"123.136.116.97","8/16/2018 8:38 AM","GMT","12.11","18.54","28","Kuala Lumpur","150"
"123.136.116.97","8/16/2018 8:39 AM","GMT","8.38","16.15","38","Kuala Lumpur","150"
"123.136.116.97","8/16/2018 8:40 AM","GMT","7.27","14.26","40","Kuala Lumpur","150"
"123.136.116.97","8/16/2018 8:40 AM","GMT","8.01","13.94","30","Kuala Lumpur","150"
"123.136.116.97","8/16/2018 8:41 AM","GMT","6.52","15.69","33","Kuala Lumpur","150"
"123.136.116.97","8/16/2018 8:42 AM","GMT","17.16","17.90","40","Kuala Lumpur","150"
"123.136.116.97","8/16/2018 8:42 AM","GMT","7.11","21.01","34","Kuala Lumpur","150"
"123.136.116.97","8/16/2018 8:43 AM","GMT","4.05","19.16","35","Kuala Lumpur","150"
"123.136.116.97","8/16/2018 8:43 AM","GMT","6.44","16.70","36","Kuala Lumpur","150"
"123.136.116.97","8/16/2018 8:44 AM","GMT","5.68","9.46","29","Kuala Lumpur","150"
"123.136.116.97","8/16/2018 8:45 AM","GMT","6.89","9.30","24","Kuala Lumpur","150"
"123.136.116.97","8/16/2018 8:45 AM","GMT","5.09","9.81","32","Kuala Lumpur","150"
"123.136.116.97","8/16/2018 8:46 AM","GMT","9.48","14.64","28","Kuala Lumpur","150"
"123.136.116.97","8/16/2018 8:47 AM","GMT","7.93","21.22","40","Kuala Lumpur","150"
"123.136.116.97","8/16/2018 8:47 AM","GMT","7.12","20.52","29","Kuala Lumpur","150"
"123.136.116.97","8/16/2018 8:48 AM","GMT","9.28","21.10","34","Kuala Lumpur","150"
"123.136.116.97","8/16/2018 8:48 AM","GMT","2.91","17.47","29","Kuala Lumpur","150"
"123.136.116.97","8/16/2018 8:49 AM","GMT","4.43","8.63","30","Kuala Lumpur","150"
"123.136.116.97","8/16/2018 8:50 AM","GMT","2.61","6.87","30","Kuala Lumpur","150"
"123.136.116.97","8/16/2018 8:50 AM","GMT","2.08","7.03","30","Kuala Lumpur","150"
"123.136.116.97","8/16/2018 8:51 AM","GMT","3.59","8.55","33","Kuala Lumpur","150"
"123.136.116.97","8/16/2018 8:52 AM","GMT","3.26","21.71","32","Kuala Lumpur","150"
"123.136.116.97","8/16/2018 8:52 AM","GMT","12.85","21.30","32","Kuala Lumpur","150"
"123.136.116.97","8/16/2018 8:53 AM","GMT","14.92","18.08","32","Kuala Lumpur","150"
"123.136.116.97","8/16/2018 8:53 AM","GMT","11.06","17.65","31","Kuala Lumpur","150"
"123.136.116.97","8/16/2018 8:54 AM","GMT","13.07","16.11","31","Kuala Lumpur","150"
"123.136.116.97","8/16/2018 8:55 AM","GMT","6.90","10.15","32","Kuala Lumpur","150"
"123.136.116.97","8/16/2018 8:55 AM","GMT","5.20","14.01","31","Kuala Lumpur","150"
"123.136.116.97","8/16/2018 8:56 AM","GMT","8.17","16.29","31","Kuala Lumpur","150"
"123.136.116.97","8/16/2018 8:57 AM","GMT","2.96","22.10","30","Kuala Lumpur","150"
"123.136.116.97","8/16/2018 8:57 AM","GMT","1.63","23.69","29","Kuala Lumpur","150"
"123.136.116.97","8/16/2018 8:58 AM","GMT","2.38","22.27","29","Kuala Lumpur","150"
"123.136.116.97","8/16/2018 8:58 AM","GMT","4.71","10.40","30","Kuala Lumpur","150"
"123.136.116.97","8/16/2018 8:59 AM","GMT","5.78","11.45","30","Kuala Lumpur","150"
"123.136.116.97","8/16/2018 9:00 AM","GMT","6.83","12.38","34","Kuala Lumpur","150"
